Time,Data:1
1469735392,11.99987793
1469735392,11.99987793
1469735392,12.50038148
1469735392,12.50038148
1469735392,13.9988403
1469735392,13.9988403
1469735392,19.50132756
1469735392,19.50132756
1469735392,20.49928282
1469735392,20.49928282
1469735392,20.99978637
1469735392,20.99978637
1469735392,20.99978637
1469735392,20.99978637
1469735392,19.99877926
1469735392,19.99877926
1469735393,19.99877926
1469735393,19.99877926
1469735393,20.49928282
1469735393,20.49928282
1469735393,15.50035096
1469735393,15.50035096
1469735393,11.99987793
1469735393,11.99987793
1469735393,9.500412
1469735393,9.500412
1469735393,10.50141911
1469735393,10.50141911
1469735393,16.00085452
1469735393,16.00085452
1469735393,20.99978637
1469735393,20.99978637
1469735393,22.99874874
1469735393,22.99874874
1469735393,22.99874874
1469735393,22.99874874
1469735394,23.4992523
1469735394,23.4992523
1469735394,23.4992523
1469735394,23.4992523
1469735394,23.4992523
1469735394,23.4992523
1469735394,21.50028993
1469735394,21.50028993
1469735394,19.000824
1469735394,19.000824
1469735394,17.49931333
1469735394,17.49931333
1469735394,18.50032044
1469735394,18.50032044
1469735394,19.99877926
1469735394,19.99877926
1469735394,25.50126652
1469735394,25.50126652
1469735394,28.501236
1469735394,28.501236
1469735395,28.00073244
1469735395,28.00073244
1469735395,30.50019837
1469735395,30.50019837
1469735395,31.50120548
1469735395,31.50120548
1469735395,34.00067141
1469735395,34.00067141
1469735395,35.49913022
1469735395,35.49913022
1469735395,37.00064089
1469735395,37.00064089
1469735395,37.99859615
1469735395,37.99859615
1469735395,37.99859615
1469735395,37.99859615
1469735395,38.99960326
1469735395,38.99960326
1469735395,38.99960326
1469735395,38.99960326
1469735396,38.99960326
1469735396,38.99960326
1469735396,40.50111393
1469735396,40.50111393
1469735396,40.99856563
1469735396,40.99856563
1469735396,41.49906919
1469735396,41.49906919
1469735396,41.49906919
1469735396,41.49906919
1469735396,40.99856563
1469735396,40.99856563
1469735396,41.49906919
1469735396,41.49906919
1469735396,40.99856563
1469735396,40.99856563
1469735396,38.99960326
1469735396,38.99960326
1469735396,37.00064089
1469735396,37.00064089
1469735397,33.50016785
1469735397,33.50016785
1469735397,31.50120548
1469735397,31.50120548
1469735397,31.99865719
1469735397,31.99865719
1469735397,31.99865719
1469735397,31.99865719
1469735397,31.50120548
1469735397,31.50120548
1469735397,30.50019837
1469735397,30.50019837
1469735397,28.00073244
1469735397,28.00073244
1469735397,25.00076296
1469735397,25.00076296
1469735397,23.4992523
1469735397,23.4992523
1469735397,23.4992523
1469735397,23.4992523
1469735398,23.4992523
1469735398,23.4992523
1469735398,22.00079348
1469735398,22.00079348
1469735398,19.50132756
1469735398,19.50132756
1469735398,18.50032044
1469735398,18.50032044
1469735398,17.49931333
1469735398,17.49931333
1469735398,17.99981689
1469735398,17.99981689
1469735398,16.99880978
1469735398,16.99880978
1469735398,28.501236
1469735398,28.501236
1469735398,31.50120548
1469735398,31.50120548
1469735398,37.00064089
1469735398,37.00064089
1469735399,38.99960326
1469735399,38.99960326
1469735399,41.49906919
1469735399,41.49906919
1469735399,38.99960326
1469735399,38.99960326
1469735399,34.00067141
1469735399,34.00067141
1469735399,26.49922178
1469735399,26.49922178
1469735399,1.998962371
1469735399,1.998962371
1469735399,0
1469735399,0
1469735399,0
1469735399,0
1469735399,0
1469735399,0
1469735399,0
1469735399,0
1469735400,0
1469735400,0
1469735400,0
1469735400,0
1469735400,0
1469735400,0
1469735400,0
1469735400,0
1469735400,0
1469735400,0
1469735400,0
1469735400,0
1469735400,0.500503555
1469735400,0.500503555
1469735400,0
1469735400,0
1469735400,0.500503555
1469735400,0.500503555
1469735400,0
1469735400,0
1469735401,0.500503555
1469735401,0.500503555
1469735401,0
1469735401,0
1469735401,0
1469735401,0
1469735401,0
1469735401,0
1469735401,0.500503555
1469735401,0.500503555
1469735401,0
1469735401,0
1469735401,0
1469735401,0
1469735401,0
1469735401,0
1469735401,0
1469735401,0
1469735401,0.500503555
1469735401,0.500503555
1469735402,0.500503555
1469735402,0.500503555
1469735402,0
1469735402,0
1469735402,0
1469735402,0
1469735402,0
1469735402,0
1469735402,0
1469735402,0
1469735402,0.500503555
1469735402,0.500503555
1469735402,0
1469735402,0
1469735402,0
1469735402,0
1469735402,0
1469735402,0
1469735402,0.500503555
1469735402,0.500503555
1469735403,0.500503555
1469735403,0.500503555
1469735403,0
1469735403,0
1469735403,0.500503555
1469735403,0.500503555
1469735403,0.500503555
1469735403,0.500503555
1469735403,0
1469735403,0
1469735403,0
1469735403,0
1469735403,0
1469735403,0
1469735403,0
1469735403,0
1469735403,0
1469735403,0
1469735403,0.500503555
1469735403,0.500503555
1469735404,0
1469735404,0
1469735404,0
1469735404,0
1469735404,0
1469735404,0
1469735404,0
1469735404,0
1469735404,0.500503555
1469735404,0.500503555
1469735404,0
1469735404,0
1469735404,0
1469735404,0
1469735404,0
1469735404,0
1469735404,0
1469735404,0
1469735404,0
1469735404,0
1469735405,0.500503555
1469735405,0.500503555
1469735405,0
1469735405,0
1469735405,0.500503555
1469735405,0.500503555
1469735405,0
1469735405,0
1469735405,0
1469735405,0
1469735405,1.001007111
1469735405,1.001007111
1469735405,0
1469735405,0
1469735405,0
1469735405,0
1469735405,0
1469735405,0
1469735405,0
1469735405,0
1469735406,0
1469735406,0
1469735406,0
1469735406,0
1469735406,0
1469735406,0
1469735406,0
1469735406,0
1469735406,0
1469735406,0
1469735406,0
1469735406,0
1469735406,0
1469735406,0
1469735406,0
1469735406,0
1469735406,0
1469735406,0
1469735406,0
1469735406,0
1469735407,0
1469735407,0
1469735407,0
1469735407,0
1469735407,0
1469735407,0
1469735407,0
1469735407,0
1469735407,0
1469735407,0
1469735407,0
1469735407,0
1469735407,0
1469735407,0
1469735407,0
1469735407,0
1469735407,0.500503555
1469735407,0.500503555
1469735407,0
1469735407,0
1469735408,0
1469735408,0
1469735408,0
1469735408,0
1469735408,0
1469735408,0
1469735408,0
1469735408,0
1469735408,1.001007111
1469735408,1.001007111
1469735408,1.998962371
1469735408,1.998962371
1469735408,3.500473037
1469735408,3.500473037
1469735408,3.500473037
1469735408,3.500473037
1469735408,8.499404889
1469735408,8.499404889
1469735408,8.999908444
1469735408,8.999908444
1469735409,10.99887082
1469735409,10.99887082
1469735409,10.50141911
1469735409,10.50141911
1469735409,10.00091556
1469735409,10.00091556
1469735409,11.49937437
1469735409,11.49937437
1469735409,9.500412
1469735409,9.500412
1469735409,7.501449629
1469735409,7.501449629
1469735409,7.000946074
1469735409,7.000946074
1469735409,8.999908444
1469735409,8.999908444
1469735409,10.50141911
1469735409,10.50141911
1469735409,16.00085452
1469735409,16.00085452
1469735410,17.49931333
1469735410,17.49931333
1469735410,18.50032044
1469735410,18.50032044
1469735410,19.50132756
1469735410,19.50132756
1469735410,19.50132756
1469735410,19.50132756
1469735410,21.50028993
1469735410,21.50028993
1469735410,22.50129704
1469735410,22.50129704
1469735410,23.99975585
1469735410,23.99975585
1469735410,23.4992523
1469735410,23.4992523
1469735410,25.00076296
1469735410,25.00076296
1469735410,25.50126652
1469735410,25.50126652
1469735411,28.00073244
1469735411,28.00073244
1469735411,28.00073244
1469735411,28.00073244
1469735411,29.49919126
1469735411,29.49919126
1469735411,29.99969481
1469735411,29.99969481
1469735411,30.50019837
1469735411,30.50019837
1469735411,30.50019837
1469735411,30.50019837
1469735411,31.50120548
1469735411,31.50120548
1469735411,31.50120548
1469735411,31.50120548
1469735411,31.50120548
1469735411,31.50120548
1469735411,0
1469735411,0
1469735412,0
1469735412,0
1469735412,0
1469735412,0
1469735412,0
1469735412,0
1469735412,0
1469735412,0
1469735412,0
1469735412,0
1469735412,0
1469735412,0
1469735412,0
1469735412,0
1469735412,0
1469735412,0
1469735412,0
1469735412,0
1469735412,0
1469735412,0
1469735413,0
1469735413,0
1469735413,0
1469735413,0
1469735413,0
1469735413,0
1469735413,0
1469735413,0
1469735413,0
1469735413,0
1469735413,0
1469735413,0
1469735413,0
1469735413,0
1469735413,0
1469735413,0
1469735413,0
1469735413,0
1469735413,0
1469735413,0
1469735414,0
1469735414,0
1469735414,0
1469735414,0
1469735414,0
1469735414,0
1469735414,0
1469735414,0
1469735414,0
1469735414,0
1469735414,0
1469735414,0
1469735414,0
1469735414,0
1469735414,0
1469735414,0
1469735414,0
1469735414,0
1469735414,0
1469735414,0
1469735415,0
1469735415,0
1469735415,0
1469735415,0
1469735415,0
1469735415,0
1469735415,1.001007111
1469735415,1.001007111
1469735415,1.998962371
1469735415,1.998962371
1469735415,1.998962371
1469735415,1.998962371
1469735415,4.000976592
1469735415,4.000976592
1469735415,4.000976592
1469735415,4.000976592
1469735415,4.998931852
1469735415,4.998931852
1469735415,5.999938963
1469735415,5.999938963
1469735416,7.000946074
1469735416,7.000946074
1469735416,7.998901334
1469735416,7.998901334
1469735416,7.998901334
1469735416,8.999908444
1469735416,8.999908444
1469735416,8.999908444
1469735416,10.99887082
1469735416,10.99887082
1469735416,10.99887082
1469735416,10.00091556
1469735416,11.99987793
1469735416,13.00088504
1469735416,13.00088504
1469735416,13.00088504
1469735416,13.00088504
1469735416,13.9988403
1469735416,13.9988403
1469735416,14.99984741
1469735417,14.99984741
1469735417,14.99984741
1469735417,14.99984741
1469735417,16.00085452
1469735417,16.00085452
1469735417,16.99880978
1469735417,16.99880978
1469735417,16.99880978
1469735417,17.99981689
1469735417,17.99981689
1469735417,17.99981689
1469735417,17.99981689
1469735417,19.000824
1469735417,19.000824
1469735417,19.000824
1469735417,19.000824
1469735417,19.99877926
1469735417,20.99978637
1469735417,20.99978637
1469735417,19.99877926
1469735418,19.99877926
1469735418,19.99877926
1469735418,20.99978637
1469735418,20.99978637
1469735418,20.99978637
1469735418,20.99978637
1469735418,22.00079348
1469735418,22.00079348
1469735418,22.00079348
1469735418,22.00079348
1469735418,22.00079348
1469735418,22.00079348
1469735418,22.00079348
1469735418,22.00079348
1469735418,22.99874874
1469735418,22.99874874
1469735418,22.00079348
1469735418,22.00079348
1469735418,22.99874874
1469735418,22.99874874
1469735419,22.99874874
1469735419,22.99874874
1469735419,22.99874874
1469735419,22.99874874
1469735419,22.99874874
1469735419,22.99874874
1469735419,22.99874874
1469735419,22.99874874
1469735419,22.99874874
1469735419,22.99874874
1469735419,22.00079348
1469735419,22.00079348
1469735419,22.99874874
1469735419,22.99874874
1469735419,22.00079348
1469735419,22.00079348
1469735419,22.99874874
1469735419,22.99874874
1469735419,22.00079348
1469735419,22.00079348
1469735420,22.00079348
1469735420,22.00079348
1469735420,22.99874874
1469735420,22.99874874
1469735420,22.00079348
1469735420,22.00079348
1469735420,22.00079348
1469735420,22.00079348
1469735420,22.00079348
1469735420,20.99978637
1469735420,20.99978637
1469735420,22.00079348
1469735420,22.00079348
1469735420,22.00079348
1469735420,22.00079348
1469735420,22.00079348
1469735420,20.99978637
1469735420,22.00079348
1469735420,22.00079348
1469735420,22.00079348
1469735421,20.99978637
1469735421,22.00079348
1469735421,22.00079348
1469735421,20.99978637
1469735421,20.99978637
1469735421,20.99978637
1469735421,20.99978637
1469735421,19.99877926
1469735421,20.99978637
1469735421,19.99877926
1469735421,19.99877926
1469735421,19.99877926
1469735421,19.99877926
1469735421,19.99877926
1469735421,19.99877926
1469735421,19.99877926
1469735421,19.99877926
1469735421,19.99877926
1469735421,19.99877926
1469735421,10.99887082
1469735422,10.99887082
1469735422,19.000824
1469735422,10.00091556
1469735422,10.00091556
1469735422,17.99981689
1469735422,17.99981689
1469735422,7.998901334
1469735422,16.99880978
1469735422,7.000946074
1469735422,7.000946074
1469735422,16.00085452
1469735422,16.00085452
1469735422,5.999938963
1469735422,5.999938963
1469735422,14.99984741
1469735422,14.99984741
1469735422,14.99984741
1469735422,14.99984741
1469735422,4.998931852
1469735422,4.998931852
1469735423,13.00088504
1469735423,13.00088504
1469735423,4.000976592
1469735423,4.000976592
1469735423,11.99987793
1469735423,11.99987793
1469735423,13.00088504
1469735423,13.00088504
1469735423,11.99987793
1469735423,11.99987793
1469735423,1.001007111
1469735423,1.001007111
1469735423,11.99987793
1469735423,11.99987793
1469735423,10.99887082
1469735423,10.99887082
1469735423,10.99887082
1469735423,10.99887082
1469735423,10.99887082
1469735423,10.99887082
1469735424,10.99887082
1469735424,10.99887082
1469735424,10.00091556
1469735424,10.00091556
1469735424,10.99887082
1469735424,10.00091556
1469735424,10.00091556
1469735424,10.00091556
1469735424,10.00091556
1469735424,10.00091556
1469735424,10.00091556
1469735424,10.00091556
1469735424,10.00091556
1469735424,8.999908444
1469735424,8.999908444
1469735424,10.00091556
1469735424,8.999908444
1469735424,8.999908444
1469735424,8.999908444
1469735424,8.999908444
1469735425,8.999908444
1469735425,8.999908444
1469735425,8.999908444
1469735425,0
1469735425,0
1469735425,0
1469735425,0
1469735425,0
1469735425,0
1469735425,0
1469735425,0
1469735425,0
1469735425,0
1469735425,0
1469735425,0
1469735425,0
1469735425,0
1469735425,0
1469735425,0
1469735425,0
1469735426,0
1469735426,0
1469735426,0
1469735426,0
1469735426,0
1469735426,0
1469735426,0
1469735426,0
1469735426,0
1469735426,0
1469735426,0
1469735426,0
1469735426,0
1469735426,0
1469735426,0
1469735426,0
1469735426,0
1469735426,0
1469735426,0
1469735426,0
1469735427,0
1469735427,0
1469735427,0
1469735427,0
1469735427,0
1469735427,0
1469735427,0
1469735427,0
1469735427,0
1469735427,0
1469735427,0
1469735427,0
1469735427,0
1469735427,0
1469735427,0
1469735427,0
1469735427,0
1469735427,0
1469735427,0
1469735427,0
1469735428,0
1469735428,0
1469735428,0
1469735428,0
1469735428,0
1469735428,0
1469735428,0
1469735428,0
1469735428,0
1469735428,0
1469735428,0
1469735428,0
1469735428,0
1469735428,0
1469735428,0
1469735428,0
1469735428,0
1469735428,0
1469735428,0
1469735428,0
1469735429,0
1469735429,0
1469735429,0
1469735429,0
1469735429,0
1469735429,0
1469735429,0
1469735429,0
1469735429,0
1469735429,0
1469735429,0
1469735429,0
1469735429,0
1469735429,0
1469735429,0
1469735429,0
1469735429,0
1469735429,2.999969481
1469735429,2.999969481
1469735429,4.998931852
1469735430,5.999938963
1469735430,7.998901334
1469735430,10.00091556
1469735430,11.99987793
1469735430,14.99984741
1469735430,16.99880978
1469735430,19.000824
1469735430,19.000824
1469735430,25.99871822
1469735430,25.99871822
1469735430,29.99969481
1469735430,29.99969481
1469735430,29.99969481
1469735430,29.99969481
1469735430,29.99969481
1469735430,29.99969481
1469735430,29.99969481
1469735430,29.99969481
1469735430,29.99969481
1469735430,29.99969481
1469735431,29.99969481
1469735431,29.99969481
1469735431,29.99969481
1469735431,29.99969481
1469735431,29.99969481
1469735431,29.99969481
1469735431,29.99969481
1469735431,29.99969481
1469735431,29.99969481
1469735431,29.99969481
1469735431,29.99969481
1469735431,29.99969481
1469735431,29.99969481
1469735431,29.99969481
1469735431,29.99969481
1469735431,29.99969481
1469735431,29.99969481
1469735431,29.99969481
1469735431,29.99969481
1469735431,29.99969481
1469735432,25.00076296
1469735432,16.99880978
1469735432,4.000976592
1469735432,0
1469735432,0
1469735432,0
1469735432,0
1469735432,0
1469735432,1.001007111
1469735432,1.998962371
1469735432,1.998962371
1469735432,1.998962371
1469735432,2.999969481
1469735432,1.998962371
1469735432,1.998962371
1469735432,2.999969481
1469735432,4.000976592
1469735432,4.998931852
1469735432,4.998931852
1469735432,4.998931852
1469735433,5.999938963
1469735433,7.000946074
1469735433,7.000946074
1469735433,7.000946074
1469735433,7.000946074
1469735433,7.998901334
1469735433,7.998901334
1469735433,7.998901334
1469735433,7.998901334
1469735433,10.00091556
1469735433,10.00091556
1469735433,10.00091556
1469735433,10.99887082
1469735433,10.00091556
1469735433,10.00091556
1469735433,10.00091556
1469735433,11.99987793
1469735433,11.99987793
1469735433,11.99987793
1469735433,11.99987793
1469735434,13.00088504
1469735434,13.00088504
1469735434,13.00088504
1469735434,13.00088504
1469735434,13.00088504
1469735434,13.9988403
1469735434,13.9988403
1469735434,14.99984741
1469735434,13.00088504
1469735434,13.9988403
1469735434,14.99984741
1469735434,14.99984741
1469735434,14.99984741
1469735434,14.99984741
1469735434,14.99984741
1469735434,14.99984741
1469735434,16.00085452
1469735434,16.00085452
1469735434,16.00085452
1469735434,16.00085452
1469735435,16.99880978
1469735435,16.99880978
1469735435,16.00085452
1469735435,16.00085452
1469735435,16.99880978
1469735435,16.99880978
1469735435,16.99880978
1469735435,16.99880978
1469735435,16.99880978
1469735435,16.99880978
1469735435,16.99880978
1469735435,16.99880978
1469735435,17.99981689
1469735435,17.99981689
1469735435,16.99880978
1469735435,16.99880978
1469735435,17.99981689
1469735435,17.99981689
1469735435,17.99981689
1469735435,17.99981689
1469735436,16.99880978
1469735436,16.99880978
1469735436,17.99981689
1469735436,17.99981689
1469735436,17.99981689
1469735436,17.99981689
1469735436,17.99981689
1469735436,17.99981689
1469735436,16.99880978
1469735436,17.99981689
1469735436,17.99981689
1469735436,16.99880978
1469735436,16.99880978
1469735436,17.99981689
1469735436,17.99981689
1469735436,16.99880978
1469735436,17.99981689
1469735436,17.99981689
1469735436,16.99880978
1469735436,16.99880978
1469735437,17.99981689
1469735437,16.99880978
1469735437,16.99880978
1469735437,16.99880978
1469735437,16.99880978
1469735437,16.99880978
1469735437,16.99880978
1469735437,16.99880978
1469735437,16.99880978
1469735437,16.99880978
1469735437,16.99880978
1469735437,16.99880978
1469735437,16.99880978
1469735437,16.99880978
1469735437,16.99880978
1469735437,16.00085452
1469735437,16.00085452
1469735437,16.00085452
1469735437,16.00085452
1469735437,16.00085452
1469735438,16.00085452
1469735438,16.00085452
1469735438,16.00085452
1469735438,16.00085452
1469735438,16.00085452
1469735438,16.00085452
1469735438,16.00085452
1469735438,16.00085452
1469735438,14.99984741
1469735438,14.99984741
1469735438,14.99984741
1469735438,14.99984741
1469735438,14.99984741
1469735438,14.99984741
1469735438,14.99984741
1469735438,14.99984741
1469735438,14.99984741
1469735438,14.99984741
1469735438,14.99984741
1469735438,13.9988403
1469735439,13.9988403
1469735439,13.9988403
1469735439,7.000946074
1469735439,7.000946074
1469735439,13.00088504
1469735439,13.00088504
1469735439,4.998931852
1469735439,4.998931852
1469735439,11.99987793
1469735439,11.99987793
1469735439,4.000976592
1469735439,4.000976592
1469735439,2.999969481
1469735439,2.999969481
1469735439,1.998962371
1469735439,1.998962371
1469735439,10.00091556
1469735439,10.00091556
1469735439,10.00091556
1469735439,10.00091556
1469735440,0
1469735440,0
1469735440,8.999908444
1469735440,8.999908444
1469735440,7.998901334
1469735440,7.998901334
1469735440,0
1469735440,0
1469735440,0
1469735440,7.000946074
1469735440,7.000946074
1469735440,7.000946074
1469735440,7.000946074
1469735440,7.000946074
1469735440,7.000946074
1469735440,7.000946074
1469735440,7.000946074
1469735440,7.000946074
1469735440,7.000946074
1469735440,7.000946074
1469735441,0
1469735441,5.999938963
1469735441,5.999938963
1469735441,5.999938963
1469735441,5.999938963
1469735441,5.999938963
1469735441,5.999938963
1469735441,5.999938963
1469735441,5.999938963
1469735441,5.999938963
1469735441,5.999938963
1469735441,5.999938963
1469735441,5.999938963
1469735441,5.999938963
1469735441,5.999938963
1469735441,5.999938963
1469735441,5.999938963
1469735441,5.999938963
1469735441,5.999938963
1469735441,5.999938963
1469735442,5.999938963
1469735442,5.999938963
1469735442,5.999938963
1469735442,5.999938963
1469735442,4.998931852
1469735442,5.999938963
1469735442,5.999938963
1469735442,5.999938963
1469735442,5.999938963
1469735442,5.999938963
1469735442,5.999938963
1469735442,5.999938963
1469735442,5.999938963
1469735442,5.999938963
1469735442,5.999938963
1469735442,5.999938963
1469735442,5.999938963
1469735442,5.999938963
1469735442,5.999938963
1469735442,5.999938963
1469735443,5.999938963
1469735443,5.999938963
1469735443,5.999938963
1469735443,5.999938963
1469735443,5.999938963
1469735443,5.999938963
1469735443,5.999938963
1469735443,5.999938963
1469735443,7.000946074
1469735443,7.000946074
1469735443,5.999938963
1469735443,5.999938963
1469735443,5.999938963
1469735443,5.999938963
1469735443,4.998931852
1469735443,4.998931852
1469735443,4.998931852
1469735443,4.998931852
1469735443,4.998931852
1469735443,4.998931852
1469735444,5.999938963
1469735444,5.999938963
1469735444,5.999938963
1469735444,5.999938963
1469735444,4.998931852
1469735444,4.998931852
1469735444,4.998931852
1469735444,4.998931852
1469735444,4.998931852
1469735444,4.998931852
1469735444,4.998931852
1469735444,4.998931852
1469735444,4.998931852
1469735444,4.998931852
1469735444,4.998931852
1469735444,4.000976592
1469735444,4.998931852
1469735444,4.998931852
1469735444,4.998931852
1469735444,4.998931852
1469735445,4.000976592
1469735445,4.000976592
1469735445,4.000976592
1469735445,4.998931852
1469735445,4.000976592
1469735445,4.000976592
1469735445,4.000976592
1469735445,4.000976592
1469735445,4.000976592
1469735445,4.000976592
1469735445,4.000976592
1469735445,4.000976592
1469735445,4.000976592
1469735445,2.999969481
1469735445,2.999969481
1469735445,2.999969481
1469735445,2.999969481
1469735445,2.999969481
1469735445,2.999969481
1469735445,0
1469735446,0
1469735446,0
1469735446,0
1469735446,0
1469735446,0
1469735446,0
1469735446,0
1469735446,0
1469735446,0
1469735446,0
1469735446,0
1469735446,0
1469735446,0
1469735446,0
1469735446,0
1469735446,0
1469735446,0
1469735446,0
1469735446,0
1469735446,0
1469735447,0
1469735447,0
1469735447,0
1469735447,0
1469735447,0
1469735447,0
1469735447,0
1469735447,0
1469735447,0
1469735447,0
1469735447,0
1469735447,0
1469735447,0
1469735447,0
1469735447,0
1469735447,0
1469735447,0
1469735447,0
1469735447,0
1469735447,0
1469735448,0
1469735448,0
1469735448,0
1469735448,0
1469735448,0
1469735448,0
1469735448,0
1469735448,0
1469735448,0
1469735448,0
1469735448,0
1469735448,0
1469735448,0
1469735448,0
1469735448,0
1469735448,0
1469735448,0
1469735448,0
1469735448,0
1469735448,0
1469735449,0
1469735449,0
1469735449,0
1469735449,0
1469735449,0
1469735449,0
1469735449,0
1469735449,0
1469735449,0
1469735449,0
1469735449,0
1469735449,0
1469735449,0
1469735449,0
1469735449,0
1469735449,0
1469735449,0
1469735449,0
1469735449,0
1469735449,0
1469735450,0
1469735450,0
1469735450,0
1469735450,0
1469735450,0
1469735450,0
1469735450,0
1469735450,0
1469735450,0
1469735450,0
1469735450,0
1469735450,1.001007111
1469735450,1.998962371
1469735450,1.998962371
1469735450,2.999969481
1469735450,2.999969481
1469735450,0
1469735450,1.998962371
1469735450,1.998962371
1469735450,2.999969481
1469735451,2.999969481
1469735451,4.000976592
1469735451,4.000976592
1469735451,4.000976592
1469735451,4.000976592
1469735451,2.999969481
1469735451,4.000976592
1469735451,4.000976592
1469735451,4.998931852
1469735451,5.999938963
1469735451,4.998931852
1469735451,4.998931852
1469735451,4.998931852
1469735451,4.998931852
1469735451,5.999938963
1469735451,5.999938963
1469735451,7.000946074
1469735451,7.000946074
1469735451,7.000946074
1469735451,7.000946074
1469735452,7.000946074
1469735452,7.000946074
1469735452,7.000946074
1469735452,7.000946074
1469735452,7.998901334
1469735452,7.998901334
1469735452,8.999908444
1469735452,8.999908444
1469735452,7.998901334
1469735452,7.998901334
1469735452,8.999908444
1469735452,8.999908444
1469735452,8.999908444
1469735452,8.999908444
1469735452,10.00091556
1469735452,10.00091556
1469735452,8.999908444
1469735452,10.00091556
1469735452,10.00091556
1469735452,10.00091556
1469735453,10.00091556
1469735453,10.99887082
1469735453,10.00091556
1469735453,10.00091556
1469735453,10.99887082
1469735453,10.99887082
1469735453,10.99887082
1469735453,10.99887082
1469735453,10.99887082
1469735453,10.99887082
1469735453,10.99887082
1469735453,10.99887082
1469735453,10.99887082
1469735453,10.99887082
1469735453,11.99987793
1469735453,11.99987793
1469735453,10.99887082
1469735453,11.99987793
1469735453,11.99987793
1469735453,11.99987793
1469735454,13.00088504
1469735454,11.99987793
1469735454,11.99987793
1469735454,13.00088504
1469735454,13.00088504
1469735454,11.99987793
1469735454,11.99987793
1469735454,13.00088504
1469735454,11.99987793
1469735454,13.00088504
1469735454,13.00088504
1469735454,13.00088504
1469735454,13.00088504
1469735454,13.9988403
1469735454,13.9988403
1469735454,13.00088504
1469735454,13.00088504
1469735454,13.00088504
1469735454,13.00088504
1469735454,13.00088504
1469735455,13.00088504
1469735455,13.9988403
1469735455,13.00088504
1469735455,13.9988403
1469735455,13.00088504
1469735455,13.9988403
1469735455,13.9988403
1469735455,13.9988403
1469735455,13.9988403
1469735455,13.9988403
1469735455,13.9988403
1469735455,13.9988403
1469735455,13.9988403
1469735455,13.9988403
1469735455,13.9988403
1469735455,13.9988403
1469735455,13.9988403
1469735455,13.9988403
1469735455,13.9988403
1469735455,13.9988403
1469735456,14.99984741
1469735456,14.99984741
1469735456,14.99984741
1469735456,14.99984741
1469735456,13.9988403
1469735456,13.9988403
1469735456,14.99984741
1469735456,14.99984741
1469735456,13.9988403
1469735456,13.9988403
1469735456,13.9988403
1469735456,13.9988403
1469735456,13.9988403
1469735456,13.9988403
1469735456,13.9988403
1469735456,13.9988403
1469735456,13.9988403
1469735456,13.9988403
1469735456,13.9988403
1469735456,13.9988403
1469735457,13.9988403
1469735457,13.9988403
1469735457,13.9988403
1469735457,13.9988403
1469735457,13.9988403
1469735457,13.9988403
1469735457,13.9988403
1469735457,13.9988403
1469735457,13.9988403
1469735457,13.9988403
1469735457,13.9988403
1469735457,13.9988403
1469735457,13.00088504
1469735457,13.9988403
1469735457,13.9988403
1469735457,13.9988403
1469735457,13.9988403
1469735457,13.9988403
1469735457,13.9988403
1469735457,13.9988403
1469735458,13.9988403
1469735458,13.9988403
1469735458,13.9988403
1469735458,13.00088504
1469735458,13.00088504
1469735458,13.00088504
1469735458,13.00088504
1469735458,13.9988403
1469735458,13.00088504
1469735458,13.00088504
1469735458,13.00088504
1469735458,13.00088504
1469735458,13.00088504
1469735458,13.00088504
1469735458,13.00088504
1469735458,13.00088504
1469735458,13.00088504
1469735458,13.00088504
1469735458,13.00088504
1469735458,13.00088504
1469735459,13.00088504
1469735459,13.00088504
1469735459,13.00088504
1469735459,13.00088504
1469735459,13.00088504
1469735459,13.00088504
1469735459,13.00088504
1469735459,13.00088504
1469735459,13.00088504
1469735459,13.00088504
1469735459,13.00088504
1469735459,13.00088504
1469735459,13.00088504
1469735459,11.99987793
1469735459,11.99987793
1469735459,11.99987793
1469735459,11.99987793
1469735459,11.99987793
1469735459,11.99987793
1469735459,11.99987793
1469735460,11.99987793
1469735460,11.99987793
1469735460,11.99987793
1469735460,11.99987793
1469735460,11.99987793
1469735460,11.99987793
1469735460,11.99987793
1469735460,11.99987793
1469735460,11.99987793
1469735460,11.99987793
1469735460,11.99987793
1469735460,11.99987793
1469735460,11.99987793
1469735460,11.99987793
1469735460,11.99987793
1469735460,11.99987793
1469735460,11.99987793
1469735460,11.99987793
1469735460,11.99987793
1469735460,11.99987793
1469735461,11.99987793
1469735461,11.99987793
1469735461,11.99987793
1469735461,11.99987793
1469735461,11.99987793
1469735461,11.99987793
1469735461,11.99987793
1469735461,11.99987793
1469735461,11.99987793
1469735461,10.99887082
1469735461,11.99987793
1469735461,11.99987793
1469735461,10.99887082
1469735461,11.99987793
1469735461,11.99987793
1469735461,10.99887082
1469735461,10.99887082
1469735461,10.99887082
1469735461,10.99887082
1469735461,10.99887082
1469735462,10.99887082
1469735462,10.99887082
1469735462,10.99887082
1469735462,10.99887082
1469735462,10.99887082
1469735462,10.99887082
1469735462,10.99887082
1469735462,10.99887082
1469735462,10.99887082
1469735462,10.99887082
1469735462,10.99887082
1469735462,10.99887082
1469735462,10.99887082
1469735462,10.99887082
1469735462,10.00091556
1469735462,10.99887082
1469735462,10.99887082
1469735462,10.99887082
1469735462,10.99887082
1469735462,10.99887082
1469735463,10.00091556
1469735463,10.99887082
1469735463,10.00091556
1469735463,10.99887082
1469735463,10.99887082
1469735463,10.00091556
1469735463,10.00091556
1469735463,10.00091556
1469735463,10.99887082
1469735463,10.00091556
1469735463,10.00091556
1469735463,10.00091556
1469735463,10.00091556
1469735463,10.00091556
1469735463,10.00091556
1469735463,10.00091556
1469735463,10.00091556
1469735463,10.00091556
1469735463,10.00091556
1469735463,10.00091556
1469735464,10.99887082
1469735464,10.99887082
1469735464,10.99887082
1469735464,10.99887082
1469735464,10.00091556
1469735464,10.00091556
1469735464,10.00091556
1469735464,10.00091556
1469735464,10.99887082
1469735464,10.99887082
1469735464,10.00091556
1469735464,10.00091556
1469735464,10.00091556
1469735464,10.00091556
1469735464,10.00091556
1469735464,10.00091556
1469735464,10.00091556
1469735464,10.00091556
1469735464,10.00091556
1469735464,10.00091556
1469735465,10.00091556
1469735465,10.00091556
1469735465,10.00091556
1469735465,10.00091556
1469735465,10.00091556
1469735465,10.00091556
1469735465,10.00091556
1469735465,10.00091556
1469735465,10.00091556
1469735465,10.00091556
1469735465,10.00091556
1469735465,10.00091556
1469735465,10.00091556
1469735465,10.00091556
1469735465,10.00091556
1469735465,10.00091556
1469735465,10.00091556
1469735465,10.00091556
1469735465,10.00091556
1469735465,10.00091556
1469735466,10.99887082
1469735466,10.00091556
1469735466,10.00091556
1469735466,10.00091556
1469735466,10.00091556
1469735466,10.00091556
1469735466,10.00091556
1469735466,10.00091556
1469735466,10.00091556
1469735466,10.00091556
1469735466,10.00091556
1469735466,10.00091556
1469735466,10.99887082
1469735466,10.99887082
1469735466,10.99887082
1469735466,10.00091556
1469735466,10.00091556
1469735466,10.00091556
1469735466,10.00091556
1469735466,10.00091556
1469735467,10.99887082
1469735467,10.00091556
1469735467,10.00091556
1469735467,10.00091556
1469735467,10.00091556
1469735467,10.00091556
1469735467,10.00091556
1469735467,10.00091556
1469735467,10.99887082
1469735467,10.00091556
1469735467,10.00091556
1469735467,10.99887082
1469735467,10.99887082
1469735467,10.99887082
1469735467,10.99887082
1469735467,10.99887082
1469735467,10.99887082
1469735467,10.99887082
1469735467,10.99887082
1469735467,10.99887082
1469735468,10.99887082
1469735468,10.99887082
1469735468,10.99887082
1469735468,10.99887082
1469735468,10.00091556
1469735468,10.00091556
1469735468,10.99887082
1469735468,10.99887082
1469735468,10.99887082
1469735468,10.99887082
1469735468,10.99887082
1469735468,10.99887082
1469735468,10.99887082
1469735468,10.99887082
1469735468,10.99887082
1469735468,10.99887082
1469735468,10.99887082
1469735468,10.99887082
1469735468,10.99887082
1469735468,10.99887082
1469735469,10.99887082
1469735469,10.99887082
1469735469,10.99887082
1469735469,10.99887082
1469735469,10.99887082
1469735469,10.99887082
1469735469,10.99887082
1469735469,10.99887082
1469735469,10.99887082
1469735469,11.99987793
1469735469,10.99887082
1469735469,10.99887082
1469735469,10.99887082
1469735469,10.99887082
1469735469,10.99887082
1469735469,10.99887082
1469735469,10.99887082
1469735469,10.99887082
1469735469,10.99887082
1469735469,11.99987793
1469735470,11.99987793
1469735470,10.99887082
1469735470,10.99887082
1469735470,11.99987793
1469735470,11.99987793
1469735470,11.99987793
1469735470,10.99887082
1469735470,11.99987793
1469735470,11.99987793
1469735470,11.99987793
1469735470,11.99987793
1469735470,11.99987793
1469735470,10.99887082
1469735470,11.99987793
1469735470,11.99987793
1469735470,11.99987793
1469735470,11.99987793
1469735470,11.99987793
1469735470,11.99987793
1469735470,11.99987793
1469735471,11.99987793
1469735471,11.99987793
1469735471,11.99987793
1469735471,11.99987793
1469735471,11.99987793
1469735471,10.99887082
1469735471,11.99987793
1469735471,11.99987793
1469735471,11.99987793
1469735471,11.99987793
1469735471,11.99987793
1469735471,11.99987793
1469735471,11.99987793
1469735471,11.99987793
1469735471,11.99987793
1469735471,11.99987793
1469735471,11.99987793
1469735471,11.99987793
1469735471,11.99987793
1469735471,11.99987793
1469735472,11.99987793
1469735472,11.99987793
1469735472,11.99987793
1469735472,11.99987793
1469735472,11.99987793
1469735472,11.99987793
1469735472,11.99987793
1469735472,11.99987793
1469735472,11.99987793
1469735472,11.99987793
1469735472,11.99987793
1469735472,11.99987793
1469735472,11.99987793
1469735472,11.99987793
1469735472,11.99987793
1469735472,11.99987793
1469735472,11.99987793
1469735472,11.99987793
1469735472,11.99987793
1469735472,11.99987793
1469735473,11.99987793
1469735473,11.99987793
1469735473,13.00088504
1469735473,13.00088504
1469735473,11.99987793
1469735473,11.99987793
1469735473,11.99987793
1469735473,13.00088504
1469735473,11.99987793
1469735473,11.99987793
1469735473,13.00088504
1469735473,11.99987793
1469735473,11.99987793
1469735473,11.99987793
1469735473,11.99987793
1469735473,11.99987793
1469735473,11.99987793
1469735473,11.99987793
1469735473,11.99987793
1469735473,11.99987793
1469735474,11.99987793
1469735474,11.99987793
1469735474,11.99987793
1469735474,11.99987793
1469735474,11.99987793
1469735474,11.99987793
1469735474,11.99987793
1469735474,11.99987793
1469735474,11.99987793
1469735474,13.00088504
1469735474,11.99987793
1469735474,11.99987793
1469735474,11.99987793
1469735474,11.99987793
1469735474,11.99987793
1469735474,11.99987793
1469735474,11.99987793
1469735474,13.00088504
1469735474,11.99987793
1469735474,13.00088504
1469735475,11.99987793
1469735475,11.99987793
1469735475,13.00088504
1469735475,11.99987793
1469735475,13.00088504
1469735475,13.00088504
1469735475,13.00088504
1469735475,11.99987793
1469735475,13.00088504
1469735475,13.00088504
1469735475,13.00088504
1469735475,13.00088504
1469735475,13.00088504
1469735475,13.00088504
1469735475,13.00088504
1469735475,13.00088504
1469735475,13.00088504
1469735475,13.00088504
1469735475,13.00088504
1469735475,13.00088504
1469735476,13.00088504
1469735476,13.00088504
1469735476,13.00088504
1469735476,13.00088504
1469735476,13.00088504
1469735476,13.00088504
1469735476,13.00088504
1469735476,13.00088504
1469735476,13.00088504
1469735476,13.00088504
1469735476,13.00088504
1469735476,13.00088504
1469735476,13.00088504
1469735476,13.00088504
1469735476,13.00088504
1469735476,13.00088504
1469735476,13.00088504
1469735476,13.00088504
1469735476,13.00088504
1469735476,13.00088504
1469735477,13.00088504
1469735477,13.00088504
1469735477,13.00088504
1469735477,13.00088504
1469735477,13.00088504
1469735477,13.00088504
1469735477,13.9988403
1469735477,13.00088504
1469735477,13.00088504
1469735477,13.9988403
1469735477,13.9988403
1469735477,13.9988403
1469735477,13.9988403
1469735477,13.9988403
1469735477,13.9988403
1469735477,13.9988403
1469735477,13.9988403
1469735477,13.9988403
1469735477,13.9988403
1469735477,13.9988403
1469735478,13.9988403
1469735478,13.9988403
1469735478,13.9988403
1469735478,13.9988403
1469735478,13.9988403
1469735478,13.9988403
1469735478,13.9988403
1469735478,13.9988403
1469735478,13.9988403
1469735478,14.99984741
1469735478,13.9988403
1469735478,13.9988403
1469735478,13.9988403
1469735478,14.99984741
1469735478,14.99984741
1469735478,13.9988403
1469735478,13.9988403
1469735478,13.9988403
1469735478,13.9988403
1469735478,14.99984741
1469735479,14.99984741
1469735479,14.99984741
1469735479,14.99984741
1469735479,14.99984741
1469735479,14.99984741
1469735479,14.99984741
1469735479,14.99984741
1469735479,14.99984741
1469735479,14.99984741
1469735479,14.99984741
1469735479,14.99984741
1469735479,14.99984741
1469735479,14.99984741
1469735479,14.99984741
1469735479,14.99984741
1469735479,14.99984741
1469735479,14.99984741
1469735479,14.99984741
1469735479,14.99984741
1469735479,14.99984741
1469735480,14.99984741
1469735480,14.99984741
1469735480,14.99984741
1469735480,14.99984741
1469735480,14.99984741
1469735480,14.99984741
1469735480,14.99984741
1469735480,14.99984741
1469735480,14.99984741
1469735480,14.99984741
1469735480,16.00085452
1469735480,14.99984741
1469735480,14.99984741
1469735480,16.00085452
1469735480,14.99984741
1469735480,14.99984741
1469735480,14.99984741
1469735480,14.99984741
1469735480,14.99984741
1469735480,14.99984741
1469735481,14.99984741
1469735481,14.99984741
1469735481,14.99984741
1469735481,16.00085452
1469735481,14.99984741
1469735481,14.99984741
1469735481,16.00085452
1469735481,16.00085452
1469735481,14.99984741
1469735481,16.00085452
1469735481,14.99984741
1469735481,14.99984741
1469735481,14.99984741
1469735481,16.00085452
1469735481,14.99984741
1469735481,14.99984741
1469735481,14.99984741
1469735481,14.99984741
1469735481,14.99984741
1469735481,16.00085452
1469735482,16.00085452
1469735482,14.99984741
1469735482,14.99984741
1469735482,14.99984741
1469735482,14.99984741
1469735482,14.99984741
1469735482,14.99984741
1469735482,14.99984741
1469735482,14.99984741
1469735482,14.99984741
1469735482,14.99984741
1469735482,14.99984741
1469735482,14.99984741
1469735482,14.99984741
1469735482,14.99984741
1469735482,14.99984741
1469735482,14.99984741
1469735482,14.99984741
1469735482,13.9988403
1469735482,14.99984741
1469735483,14.99984741
1469735483,14.99984741
1469735483,13.9988403
1469735483,14.99984741
1469735483,14.99984741
1469735483,13.9988403
1469735483,13.9988403
1469735483,14.99984741
1469735483,14.99984741
1469735483,13.9988403
1469735483,14.99984741
1469735483,13.9988403
1469735483,13.9988403
1469735483,13.9988403
1469735483,13.9988403
1469735483,13.9988403
1469735483,13.9988403
1469735483,13.9988403
1469735483,13.9988403
1469735483,13.9988403
1469735484,13.00088504
1469735484,13.00088504
1469735484,13.00088504
1469735484,13.00088504
1469735484,13.00088504
1469735484,13.00088504
1469735484,13.00088504
1469735484,13.00088504
1469735484,13.00088504
1469735484,13.00088504
1469735484,13.00088504
1469735484,13.00088504
1469735484,13.00088504
1469735484,13.00088504
1469735484,13.00088504
1469735484,13.00088504
1469735484,13.00088504
1469735484,13.00088504
1469735484,13.00088504
1469735484,13.00088504
1469735485,11.99987793
1469735485,13.00088504
1469735485,13.00088504
1469735485,11.99987793
1469735485,11.99987793
1469735485,11.99987793
1469735485,11.99987793
1469735485,11.99987793
1469735485,11.99987793
1469735485,11.99987793
1469735485,11.99987793
1469735485,11.99987793
1469735485,11.99987793
1469735485,11.99987793
1469735485,11.99987793
1469735485,11.99987793
1469735485,11.99987793
1469735485,10.99887082
1469735485,10.99887082
1469735485,10.99887082
1469735486,10.99887082
1469735486,10.99887082
1469735486,10.99887082
1469735486,10.99887082
1469735486,10.99887082
1469735486,10.99887082
1469735486,10.99887082
1469735486,10.99887082
1469735486,10.99887082
1469735486,10.99887082
1469735486,10.99887082
1469735486,10.99887082
1469735486,10.99887082
1469735486,10.99887082
1469735486,10.99887082
1469735486,10.99887082
1469735486,10.99887082
1469735486,10.99887082
1469735486,10.00091556
1469735486,10.00091556
1469735487,10.99887082
1469735487,10.00091556
1469735487,10.00091556
1469735487,10.00091556
1469735487,10.00091556
1469735487,10.00091556
1469735487,10.00091556
1469735487,10.99887082
1469735487,10.00091556
1469735487,10.00091556
1469735487,10.00091556
1469735487,10.00091556
1469735487,10.00091556
1469735487,10.00091556
1469735487,8.999908444
1469735487,8.999908444
1469735487,8.999908444
1469735487,8.999908444
1469735487,8.999908444
1469735487,8.999908444
1469735488,8.999908444
1469735488,8.999908444
1469735488,8.999908444
1469735488,8.999908444
1469735488,8.999908444
1469735488,8.999908444
1469735488,8.999908444
1469735488,8.999908444
1469735488,8.999908444
1469735488,8.999908444
1469735488,8.999908444
1469735488,8.999908444
1469735488,8.999908444
1469735488,8.999908444
1469735488,8.999908444
1469735488,8.999908444
1469735488,7.998901334
1469735488,8.999908444
1469735488,7.998901334
1469735488,7.998901334
1469735489,7.998901334
1469735489,7.998901334
1469735489,7.998901334
1469735489,7.998901334
1469735489,7.998901334
1469735489,7.998901334
1469735489,7.998901334
1469735489,7.998901334
1469735489,7.998901334
1469735489,7.000946074
1469735489,7.998901334
1469735489,7.000946074
1469735489,7.000946074
1469735489,7.000946074
1469735489,7.000946074
1469735489,7.000946074
1469735489,7.000946074
1469735489,7.000946074
1469735489,7.000946074
1469735489,7.000946074
1469735490,7.000946074
1469735490,0
1469735490,0
1469735490,0
1469735490,0
1469735490,0
1469735490,0
1469735490,4.000976592
1469735490,4.000976592
1469735490,0
1469735490,0
1469735490,0
1469735490,0
1469735490,0
1469735490,0
1469735490,0
1469735490,0
1469735490,0
1469735490,0
1469735490,0
1469735491,0
1469735491,0
1469735491,0
1469735491,0
1469735491,0
1469735491,0
1469735491,0
1469735491,0
1469735491,0
1469735491,0
1469735491,0
1469735491,0
1469735491,0
1469735491,0
1469735491,0
1469735491,0
1469735491,0
1469735491,0
1469735491,0
1469735491,0
1469735492,0
1469735492,0
1469735492,0
1469735492,0
1469735492,0
1469735492,0
1469735492,0
1469735492,0
1469735492,0
1469735492,0
1469735492,0
1469735492,0
1469735492,0
1469735492,0
1469735492,0
1469735492,0
1469735492,0
1469735492,0
1469735492,0
1469735492,0
1469735493,0
1469735493,0
1469735493,0
1469735493,0
1469735493,0
1469735493,0
1469735493,0
1469735493,0
1469735493,0
1469735493,0
1469735493,0
1469735493,0
1469735493,0
1469735493,0
1469735493,0
1469735493,0
1469735493,0
1469735493,0
1469735493,0
1469735493,0
1469735494,0
1469735494,0
1469735494,0
1469735494,0
1469735494,0
1469735494,0
1469735494,0
1469735494,0
1469735494,0
1469735494,0
1469735494,0
1469735494,0
1469735494,0
1469735494,0
1469735494,0
1469735494,0
1469735494,1.001007111
1469735494,1.001007111
1469735494,0
1469735494,0
1469735495,1.001007111
1469735495,1.001007111
1469735495,1.998962371
1469735495,1.998962371
1469735495,2.999969481
1469735495,2.999969481
1469735495,2.999969481
1469735495,2.999969481
1469735495,4.000976592
1469735495,4.000976592
1469735495,4.000976592
1469735495,4.000976592
1469735495,4.998931852
1469735495,4.998931852
1469735495,4.998931852
1469735495,4.998931852
1469735495,5.999938963
1469735495,5.999938963
1469735495,5.999938963
1469735495,5.999938963
1469735496,7.000946074
1469735496,7.000946074
1469735496,7.998901334
1469735496,7.998901334
1469735496,7.998901334
1469735496,7.998901334
1469735496,8.999908444
1469735496,8.999908444
1469735496,8.999908444
1469735496,8.999908444
1469735496,10.00091556
1469735496,10.99887082
1469735496,10.00091556
1469735496,10.00091556
1469735496,10.99887082
1469735496,10.99887082
1469735496,10.99887082
1469735496,11.99987793
1469735496,11.99987793
1469735496,11.99987793
1469735497,11.99987793
1469735497,13.00088504
1469735497,13.00088504
1469735497,13.00088504
1469735497,13.00088504
1469735497,13.00088504
1469735497,13.9988403
1469735497,13.9988403
1469735497,13.9988403
1469735497,13.9988403
1469735497,14.99984741
1469735497,14.99984741
1469735497,14.99984741
1469735497,14.99984741
1469735497,14.99984741
1469735497,14.99984741
1469735497,16.00085452
1469735497,14.99984741
1469735497,14.99984741
1469735497,16.00085452
1469735498,16.00085452
1469735498,16.99880978
1469735498,16.99880978
1469735498,16.99880978
1469735498,16.00085452
1469735498,16.99880978
1469735498,16.99880978
1469735498,16.99880978
1469735498,16.99880978
1469735498,16.99880978
1469735498,16.99880978
1469735498,16.99880978
1469735498,17.99981689
1469735498,16.99880978
1469735498,17.99981689
1469735498,16.99880978
1469735498,16.99880978
1469735498,17.99981689
1469735498,17.99981689
1469735498,17.99981689
1469735499,17.99981689
1469735499,17.99981689
1469735499,16.99880978
1469735499,17.99981689
1469735499,17.99981689
1469735499,17.99981689
1469735499,17.99981689
1469735499,17.99981689
1469735499,17.99981689
1469735499,17.99981689
1469735499,17.99981689
1469735499,17.99981689
1469735499,17.99981689
1469735499,17.99981689
1469735499,17.99981689
1469735499,17.99981689
1469735499,17.99981689
1469735499,17.99981689
1469735499,17.99981689
1469735499,17.99981689
1469735500,17.99981689
1469735500,17.99981689
1469735500,17.99981689
1469735500,19.000824
1469735500,17.99981689
1469735500,17.99981689
1469735500,17.99981689
1469735500,17.99981689
1469735500,17.99981689
1469735500,17.99981689
1469735500,17.99981689
1469735500,17.99981689
1469735500,16.99880978
1469735500,17.99981689
1469735500,17.99981689
1469735500,17.99981689
1469735500,17.99981689
1469735500,17.99981689
1469735500,17.99981689
1469735500,17.99981689
1469735501,17.99981689
1469735501,17.99981689
1469735501,16.99880978
1469735501,16.99880978
1469735501,16.99880978
1469735501,16.99880978
1469735501,16.99880978
1469735501,16.99880978
1469735501,16.99880978
1469735501,16.99880978
1469735501,16.99880978
1469735501,16.99880978
1469735501,16.99880978
1469735501,16.99880978
1469735501,16.00085452
1469735501,16.99880978
1469735501,16.00085452
1469735501,16.00085452
1469735501,16.00085452
1469735501,16.00085452
1469735502,16.00085452
1469735502,16.00085452
1469735502,16.00085452
1469735502,16.00085452
1469735502,14.99984741
1469735502,14.99984741
1469735502,16.00085452
1469735502,16.00085452
1469735502,14.99984741
1469735502,14.99984741
1469735502,14.99984741
1469735502,14.99984741
1469735502,14.99984741
1469735502,14.99984741
1469735502,14.99984741
1469735502,14.99984741
1469735502,14.99984741
1469735502,14.99984741
1469735502,14.99984741
1469735502,14.99984741
1469735503,13.9988403
1469735503,7.000946074
1469735503,13.9988403
1469735503,13.9988403
1469735503,5.999938963
1469735503,13.00088504
1469735503,13.9988403
1469735503,4.998931852
1469735503,4.000976592
1469735503,13.00088504
1469735503,2.999969481
1469735503,2.999969481
1469735503,11.99987793
1469735503,10.99887082
1469735503,2.999969481
1469735503,2.999969481
1469735503,10.00091556
1469735503,10.00091556
1469735503,10.00091556
1469735503,10.00091556
1469735504,10.99887082
1469735504,10.99887082
1469735504,10.00091556
1469735504,1.998962371
1469735504,1.998962371
1469735504,1.001007111
1469735504,8.999908444
1469735504,8.999908444
1469735504,8.999908444
1469735504,8.999908444
1469735504,8.999908444
1469735504,8.999908444
1469735504,8.999908444
1469735504,8.999908444
1469735504,7.998901334
1469735504,7.998901334
1469735504,1.001007111
1469735504,0
1469735504,7.000946074
1469735504,7.998901334
1469735505,7.998901334
1469735505,7.998901334
1469735505,7.998901334
1469735505,7.000946074
1469735505,7.000946074
1469735505,7.000946074
1469735505,7.000946074
1469735505,7.000946074
1469735505,7.998901334
1469735505,7.998901334
1469735505,7.998901334
1469735505,7.998901334
1469735505,7.998901334
1469735505,7.998901334
1469735505,7.000946074
1469735505,7.000946074
1469735505,7.000946074
1469735505,7.000946074
1469735505,7.000946074
1469735505,7.000946074
1469735506,7.998901334
1469735506,7.998901334
1469735506,7.998901334
1469735506,7.998901334
1469735506,7.000946074
1469735506,7.998901334
1469735506,7.000946074
1469735506,7.000946074
1469735506,7.000946074
1469735506,7.000946074
1469735506,7.000946074
1469735506,7.000946074
1469735506,7.000946074
1469735506,7.000946074
1469735506,7.998901334
1469735506,7.998901334
1469735506,7.998901334
1469735506,7.998901334
1469735506,7.998901334
1469735506,7.998901334
1469735507,7.000946074
1469735507,7.000946074
1469735507,7.000946074
1469735507,7.000946074
1469735507,7.000946074
1469735507,7.998901334
1469735507,7.998901334
1469735507,7.998901334
1469735507,7.998901334
1469735507,7.998901334
1469735507,7.998901334
1469735507,7.998901334
1469735507,7.000946074
1469735507,7.000946074
1469735507,7.998901334
1469735507,7.998901334
1469735507,8.999908444
1469735507,8.999908444
1469735507,8.999908444
1469735507,8.999908444
1469735508,7.998901334
1469735508,7.998901334
1469735508,7.998901334
1469735508,7.000946074
1469735508,7.998901334
1469735508,7.998901334
1469735508,7.998901334
1469735508,7.998901334
1469735508,7.998901334
1469735508,7.998901334
1469735508,7.998901334
1469735508,8.999908444
1469735508,8.999908444
1469735508,7.998901334
1469735508,7.998901334
1469735508,7.998901334
1469735508,7.998901334
1469735508,7.998901334
1469735508,8.999908444
1469735508,8.999908444
1469735509,8.999908444
1469735509,7.998901334
1469735509,8.999908444
1469735509,8.999908444
1469735509,7.998901334
1469735509,8.999908444
1469735509,8.999908444
1469735509,8.999908444
1469735509,8.999908444
1469735509,8.999908444
1469735509,8.999908444
1469735509,8.999908444
1469735509,8.999908444
1469735509,10.00091556
1469735509,10.00091556
1469735509,10.00091556
1469735509,8.999908444
1469735509,8.999908444
1469735509,10.00091556
1469735509,10.00091556
1469735510,8.999908444
1469735510,10.00091556
1469735510,10.00091556
1469735510,10.00091556
1469735510,10.00091556
1469735510,10.00091556
1469735510,10.00091556
1469735510,10.00091556
1469735510,10.00091556
1469735510,10.00091556
1469735510,10.00091556
1469735510,10.00091556
1469735510,10.99887082
1469735510,10.00091556
1469735510,10.00091556
1469735510,10.00091556
1469735510,10.00091556
1469735510,10.00091556
1469735510,10.00091556
1469735510,10.99887082
1469735511,10.99887082
1469735511,10.99887082
1469735511,10.99887082
1469735511,10.99887082
1469735511,10.99887082
1469735511,10.99887082
1469735511,10.99887082
1469735511,10.99887082
1469735511,10.99887082
1469735511,10.99887082
1469735511,10.99887082
1469735511,10.99887082
1469735511,10.99887082
1469735511,10.99887082
1469735511,10.99887082
1469735511,10.99887082
1469735511,10.99887082
1469735511,10.99887082
1469735511,10.99887082
1469735511,10.99887082
1469735512,10.99887082
1469735512,10.99887082
1469735512,10.99887082
1469735512,10.99887082
1469735512,10.99887082
1469735512,10.99887082
1469735512,10.99887082
1469735512,10.99887082
1469735512,10.99887082
1469735512,10.99887082
1469735512,10.99887082
1469735512,10.99887082
1469735512,10.99887082
1469735512,10.99887082
1469735512,10.99887082
1469735512,10.99887082
1469735512,10.99887082
1469735512,10.99887082
1469735512,10.99887082
1469735512,11.99987793
1469735513,11.99987793
1469735513,11.99987793
1469735513,10.99887082
1469735513,0
1469735513,0
1469735513,0
1469735513,0
1469735513,0
1469735513,0
1469735513,0
1469735513,0
1469735513,0
1469735513,0
1469735513,0
1469735513,0
1469735513,0
1469735513,0
1469735513,0
1469735513,0
1469735513,0
1469735514,0
1469735514,0
1469735514,0
1469735514,0
1469735514,0
1469735514,0
1469735514,0
1469735514,0
1469735514,0
1469735514,0
1469735514,0
1469735514,0
1469735514,0
1469735514,0
1469735514,0
1469735514,0
1469735514,0
1469735514,0
1469735514,0
1469735514,0
1469735515,0
1469735515,0
1469735515,0
1469735515,0
1469735515,0
1469735515,0
1469735515,0
1469735515,0
1469735515,0
1469735515,0
1469735515,0
1469735515,0
1469735515,0
1469735515,0
1469735515,0
1469735515,0
1469735515,0
1469735515,0
1469735515,0
1469735515,0
1469735516,0
1469735516,0
1469735516,0
1469735516,1.001007111
1469735516,2.999969481
1469735516,1.998962371
1469735516,1.998962371
1469735516,2.999969481
1469735516,2.999969481
1469735516,2.999969481
1469735516,4.000976592
1469735516,4.000976592
1469735516,4.998931852
1469735516,4.998931852
1469735516,4.998931852
1469735516,7.000946074
1469735516,7.000946074
1469735516,7.000946074
1469735516,7.000946074
1469735516,7.998901334
1469735517,7.998901334
1469735517,8.999908444
1469735517,8.999908444
1469735517,10.00091556
1469735517,10.00091556
1469735517,10.99887082
1469735517,10.99887082
1469735517,10.99887082
1469735517,11.99987793
1469735517,11.99987793
1469735517,13.00088504
1469735517,13.00088504
1469735517,13.00088504
1469735517,13.9988403
1469735517,14.99984741
1469735517,14.99984741
1469735517,14.99984741
1469735517,16.00085452
1469735517,16.00085452
1469735517,16.00085452
1469735518,16.99880978
1469735518,16.99880978
1469735518,16.99880978
1469735518,17.99981689
1469735518,17.99981689
1469735518,17.99981689
1469735518,19.000824
1469735518,19.000824
1469735518,19.000824
1469735518,19.99877926
1469735518,19.99877926
1469735518,19.99877926
1469735518,19.99877926
1469735518,19.99877926
1469735518,20.99978637
1469735518,20.99978637
1469735518,20.99978637
1469735518,22.00079348
1469735518,22.00079348
1469735518,22.00079348
1469735519,22.00079348
1469735519,22.00079348
1469735519,22.00079348
1469735519,22.99874874
1469735519,22.99874874
1469735519,22.99874874
1469735519,22.99874874
1469735519,22.99874874
1469735519,22.99874874
1469735519,22.99874874
1469735519,22.99874874
1469735519,22.99874874
1469735519,22.99874874
1469735519,23.99975585
1469735519,23.99975585
1469735519,23.99975585
1469735519,23.99975585
1469735519,23.99975585
1469735519,23.99975585
1469735519,23.99975585
1469735520,23.99975585
1469735520,23.99975585
1469735520,23.99975585
1469735520,23.99975585
1469735520,25.00076296
1469735520,23.99975585
1469735520,23.99975585
1469735520,23.99975585
1469735520,23.99975585
1469735520,23.99975585
1469735520,25.00076296
1469735520,23.99975585
1469735520,23.99975585
1469735520,23.99975585
1469735520,23.99975585
1469735520,23.99975585
1469735520,23.99975585
1469735520,23.99975585
1469735520,23.99975585
1469735520,23.99975585
1469735521,23.99975585
1469735521,23.99975585
1469735521,23.99975585
1469735521,23.99975585
1469735521,23.99975585
1469735521,23.99975585
1469735521,23.99975585
1469735521,22.99874874
1469735521,23.99975585
1469735521,22.99874874
1469735521,22.00079348
1469735521,22.99874874
1469735521,22.99874874
1469735521,22.99874874
1469735521,22.99874874
1469735521,22.99874874
1469735521,22.00079348
1469735521,22.00079348
1469735521,22.00079348
1469735521,22.00079348
1469735522,20.99978637
1469735522,20.99978637
1469735522,22.00079348
1469735522,20.99978637
1469735522,20.99978637
1469735522,20.99978637
1469735522,20.99978637
1469735522,13.00088504
1469735522,20.99978637
1469735522,19.99877926
1469735522,11.99987793
1469735522,19.99877926
1469735522,19.99877926
1469735522,10.99887082
1469735522,10.00091556
1469735522,10.00091556
1469735522,8.999908444
1469735522,7.998901334
1469735522,7.998901334
1469735522,16.99880978
1469735523,7.000946074
1469735523,5.999938963
1469735523,5.999938963
1469735523,5.999938963
1469735523,2.999969481
1469735523,1.998962371
1469735523,2.999969481
1469735523,13.00088504
1469735523,13.00088504
1469735523,13.00088504
1469735523,2.999969481
1469735523,2.999969481
1469735523,11.99987793
1469735523,11.99987793
1469735523,2.999969481
1469735523,1.998962371
1469735523,0
1469735523,10.99887082
1469735523,10.00091556
1469735523,10.00091556
1469735524,10.00091556
1469735524,10.00091556
1469735524,10.00091556
1469735524,10.00091556
1469735524,10.00091556
1469735524,10.00091556
1469735524,10.00091556
1469735524,10.00091556
1469735524,10.00091556
1469735524,10.00091556
1469735524,10.00091556
1469735524,10.00091556
1469735524,10.00091556
1469735524,10.00091556
1469735524,10.00091556
1469735524,10.00091556
1469735524,10.00091556
1469735524,10.00091556
1469735524,10.00091556
1469735524,10.00091556
1469735525,10.00091556
1469735525,10.00091556
1469735525,10.00091556
1469735525,10.00091556
1469735525,10.00091556
1469735525,10.00091556
1469735525,10.99887082
1469735525,10.00091556
1469735525,10.00091556
1469735525,10.00091556
1469735525,10.00091556
1469735525,10.00091556
1469735525,10.00091556
1469735525,10.00091556
1469735525,10.00091556
1469735525,10.00091556
1469735525,10.99887082
1469735525,10.00091556
1469735525,10.00091556
1469735525,10.00091556
1469735526,10.99887082
1469735526,10.00091556
1469735526,10.00091556
1469735526,10.99887082
1469735526,10.99887082
1469735526,10.99887082
1469735526,10.99887082
1469735526,10.99887082
1469735526,10.99887082
1469735526,10.99887082
1469735526,10.99887082
1469735526,10.99887082
1469735526,10.99887082
1469735526,10.99887082
1469735526,10.99887082
1469735526,10.99887082
1469735526,10.99887082
1469735526,10.00091556
1469735526,10.00091556
1469735526,10.99887082
1469735527,10.99887082
1469735527,10.99887082
1469735527,10.99887082
1469735527,10.99887082
1469735527,10.99887082
1469735527,10.99887082
1469735527,10.99887082
1469735527,10.99887082
1469735527,10.99887082
1469735527,10.99887082
1469735527,10.99887082
1469735527,10.99887082
1469735527,10.99887082
1469735527,10.99887082
1469735527,10.99887082
1469735527,10.99887082
1469735527,10.99887082
1469735527,10.00091556
1469735527,10.99887082
1469735527,10.99887082
1469735528,10.99887082
1469735528,10.99887082
1469735528,10.00091556
1469735528,10.99887082
1469735528,10.99887082
1469735528,10.00091556
1469735528,10.00091556
1469735528,10.00091556
1469735528,10.00091556
1469735528,10.00091556
1469735528,10.00091556
1469735528,10.00091556
1469735528,10.00091556
1469735528,10.00091556
1469735528,10.00091556
1469735528,10.00091556
1469735528,10.00091556
1469735528,10.00091556
1469735528,10.00091556
1469735528,0
1469735529,0
1469735529,0
1469735529,0
1469735529,0
1469735529,0
1469735529,0
1469735529,0
1469735529,0
1469735529,0
1469735529,0
1469735529,0
1469735529,0
1469735529,0
1469735529,0
1469735529,0
1469735529,0
1469735529,0
1469735529,0
1469735529,0
1469735529,0
1469735530,0
1469735530,0
1469735530,0
1469735530,0
1469735530,0
1469735530,0
1469735530,0
1469735530,0
1469735530,0
1469735530,0
1469735530,0
1469735530,0
1469735530,0
1469735530,0
1469735530,0
1469735530,0
1469735530,0
1469735530,0
1469735530,0
1469735530,0
1469735531,0
1469735531,0
1469735531,0
1469735531,0
1469735531,0
1469735531,0
1469735531,0
1469735531,0
1469735531,0
1469735531,0
1469735531,0
1469735531,0
1469735531,0
1469735531,0
1469735531,0
1469735531,0
1469735531,0
1469735531,0
1469735531,0
1469735531,0
1469735532,0
1469735532,0
1469735532,0
1469735532,0
1469735532,0
1469735532,0
1469735532,0
1469735532,0
1469735532,0
1469735532,0
1469735532,0
1469735532,0
1469735532,0
1469735532,0
1469735532,0
1469735532,0
1469735532,0
1469735532,0
1469735532,0
1469735532,0
1469735533,1.998962371
1469735533,4.000976592
1469735533,4.998931852
1469735533,7.000946074
1469735533,8.999908444
1469735533,10.99887082
1469735533,13.00088504
1469735533,16.00085452
1469735533,17.99981689
1469735533,19.99877926
1469735533,22.00079348
1469735533,23.99975585
1469735533,25.99871822
1469735533,28.00073244
1469735533,29.99969481
1469735533,29.99969481
1469735533,29.99969481
1469735533,29.99969481
1469735533,29.99969481
1469735533,29.99969481
1469735534,29.99969481
1469735534,29.99969481
1469735534,29.99969481
1469735534,29.99969481
1469735534,25.99871822
1469735534,25.00076296
1469735534,23.99975585
1469735534,20.99978637
1469735534,19.000824
1469735534,16.99880978
1469735534,13.00088504
1469735534,10.00091556
1469735534,10.99887082
1469735534,10.99887082
1469735534,10.99887082
1469735534,11.99987793
1469735534,10.99887082
1469735534,11.99987793
1469735534,13.00088504
1469735534,13.00088504
1469735535,13.00088504
1469735535,13.9988403
1469735535,13.9988403
1469735535,13.9988403
1469735535,14.99984741
1469735535,14.99984741
1469735535,16.00085452
1469735535,16.00085452
1469735535,16.00085452
1469735535,16.99880978
1469735535,16.99880978
1469735535,17.99981689
1469735535,17.99981689
1469735535,17.99981689
1469735535,17.99981689
1469735535,17.99981689
1469735535,17.99981689
1469735535,17.99981689
1469735535,19.000824
1469735535,19.000824
1469735536,19.000824
1469735536,19.000824
1469735536,19.000824
1469735536,19.99877926
1469735536,19.99877926
1469735536,19.99877926
1469735536,19.99877926
1469735536,19.99877926
1469735536,20.99978637
1469735536,20.99978637
1469735536,19.99877926
1469735536,20.99978637
1469735536,19.99877926
1469735536,20.99978637
1469735536,20.99978637
1469735536,20.99978637
1469735536,22.00079348
1469735536,22.00079348
1469735536,20.99978637
1469735536,20.99978637
1469735537,22.00079348
1469735537,20.99978637
1469735537,20.99978637
1469735537,20.99978637
1469735537,20.99978637
1469735537,20.99978637
1469735537,20.99978637
1469735537,22.00079348
1469735537,20.99978637
1469735537,20.99978637
1469735537,22.00079348
1469735537,20.99978637
1469735537,20.99978637
1469735537,20.99978637
1469735537,22.00079348
1469735537,20.99978637
1469735537,20.99978637
1469735537,20.99978637
1469735537,20.99978637
1469735537,20.99978637
1469735538,20.99978637
1469735538,20.99978637
1469735538,20.99978637
1469735538,19.99877926
1469735538,19.99877926
1469735538,20.99978637
1469735538,19.99877926
1469735538,20.99978637
1469735538,19.99877926
1469735538,19.99877926
1469735538,19.99877926
1469735538,19.99877926
1469735538,19.99877926
1469735538,19.99877926
1469735538,19.000824
1469735538,19.99877926
1469735538,19.000824
1469735538,19.000824
1469735538,19.000824
1469735538,19.000824
1469735539,19.000824
1469735539,19.000824
1469735539,17.99981689
1469735539,10.99887082
1469735539,10.00091556
1469735539,16.99880978
1469735539,16.99880978
1469735539,16.99880978
1469735539,17.99981689
1469735539,16.99880978
1469735539,8.999908444
1469735539,7.998901334
1469735539,7.000946074
1469735539,4.998931852
1469735539,4.998931852
1469735539,4.998931852
1469735539,4.000976592
1469735539,2.999969481
1469735539,4.000976592
1469735539,2.999969481
1469735540,11.99987793
1469735540,13.00088504
1469735540,11.99987793
1469735540,1.001007111
1469735540,1.998962371
1469735540,1.001007111
1469735540,0
1469735540,0
1469735540,8.999908444
1469735540,8.999908444
1469735540,0
1469735540,0
1469735540,7.998901334
1469735540,0
1469735540,0
1469735540,0
1469735540,7.000946074
1469735540,5.999938963
1469735540,5.999938963
1469735540,5.999938963
1469735541,0
1469735541,5.999938963
1469735541,5.999938963
1469735541,5.999938963
1469735541,5.999938963
1469735541,5.999938963
1469735541,4.998931852
1469735541,5.999938963
1469735541,4.998931852
1469735541,4.998931852
1469735541,5.999938963
1469735541,4.998931852
1469735541,4.998931852
1469735541,4.998931852
1469735541,4.998931852
1469735541,4.998931852
1469735541,4.998931852
1469735541,4.998931852
1469735541,4.998931852
1469735541,4.998931852
1469735542,4.998931852
1469735542,4.998931852
1469735542,4.998931852
1469735542,4.998931852
1469735542,4.000976592
1469735542,4.998931852
1469735542,4.998931852
1469735542,4.998931852
1469735542,4.000976592
1469735542,4.998931852
1469735542,4.998931852
1469735542,4.000976592
1469735542,4.000976592
1469735542,4.000976592
1469735542,4.000976592
1469735542,4.000976592
1469735542,4.000976592
1469735542,4.000976592
1469735542,4.000976592
1469735542,4.000976592
1469735543,4.000976592
1469735543,4.000976592
1469735543,4.000976592
1469735543,4.000976592
1469735543,4.000976592
1469735543,4.000976592
1469735543,4.000976592
1469735543,4.000976592
1469735543,4.000976592
1469735543,4.000976592
1469735543,4.000976592
1469735543,4.000976592
1469735543,4.000976592
1469735543,4.000976592
1469735543,4.000976592
1469735543,4.000976592
1469735543,2.999969481
1469735543,2.999969481
1469735543,4.000976592
1469735543,4.000976592
1469735544,4.000976592
1469735544,2.999969481
1469735544,4.000976592
1469735544,2.999969481
1469735544,4.000976592
1469735544,4.000976592
1469735544,4.000976592
1469735544,4.000976592
1469735544,4.000976592
1469735544,4.000976592
1469735544,2.999969481
1469735544,2.999969481
1469735544,4.000976592
1469735544,4.000976592
1469735544,4.000976592
1469735544,4.000976592
1469735544,4.000976592
1469735544,4.000976592
1469735544,4.000976592
1469735544,4.000976592
1469735545,4.000976592
1469735545,4.000976592
1469735545,2.999969481
1469735545,2.999969481
1469735545,4.000976592
1469735545,4.000976592
1469735545,4.000976592
1469735545,4.000976592
1469735545,4.000976592
1469735545,4.000976592
1469735545,4.000976592
1469735545,4.000976592
1469735545,4.000976592
1469735545,2.999969481
1469735545,4.000976592
1469735545,4.000976592
1469735545,4.000976592
1469735545,2.999969481
1469735545,4.000976592
1469735545,4.000976592
1469735546,4.000976592
1469735546,2.999969481
1469735546,2.999969481
1469735546,2.999969481
1469735546,2.999969481
1469735546,2.999969481
1469735546,2.999969481
1469735546,2.999969481
1469735546,2.999969481
1469735546,2.999969481
1469735546,2.999969481
1469735546,2.999969481
1469735546,2.999969481
1469735546,2.999969481
1469735546,2.999969481
1469735546,2.999969481
1469735546,2.999969481
1469735546,2.999969481
1469735546,2.999969481
1469735546,2.999969481
1469735547,1.998962371
1469735547,2.999969481
1469735547,2.999969481
1469735547,2.999969481
1469735547,1.998962371
1469735547,1.998962371
1469735547,0
1469735547,0
1469735547,0
1469735547,0
1469735547,0
1469735547,0
1469735547,0
1469735547,0
1469735547,0
1469735547,0
1469735547,0
1469735547,0
1469735547,0
1469735547,0
1469735548,0
1469735548,0
1469735548,0
1469735548,0
1469735548,0
1469735548,0
1469735548,0
1469735548,0
1469735548,0
1469735548,0
1469735548,0
1469735548,0
1469735548,0
1469735548,0
1469735548,0
1469735548,0
1469735548,0
1469735548,0
1469735548,0
1469735548,0
1469735549,0
1469735549,0
1469735549,0
1469735549,0
1469735549,0
1469735549,0
1469735549,0
1469735549,0
1469735549,0
1469735549,0
1469735549,0
1469735549,0
1469735549,0
1469735549,0
1469735549,0
1469735549,0
1469735549,0
1469735549,0
1469735549,0
1469735549,0
1469735550,0
1469735550,0
1469735550,0
1469735550,0
1469735550,0
1469735550,0
1469735550,0
1469735550,0
1469735550,0
1469735550,0
1469735550,0
1469735550,0
1469735550,1.001007111
1469735550,1.001007111
1469735550,1.998962371
1469735550,1.998962371
1469735550,2.999969481
1469735550,2.999969481
1469735550,2.999969481
1469735550,4.000976592
1469735551,4.998931852
1469735551,4.998931852
1469735551,4.998931852
1469735551,4.998931852
1469735551,7.000946074
1469735551,7.000946074
1469735551,7.000946074
1469735551,7.998901334
1469735551,7.998901334
1469735551,7.998901334
1469735551,8.999908444
1469735551,8.999908444
1469735551,10.00091556
1469735551,10.00091556
1469735551,10.00091556
1469735551,10.99887082
1469735551,10.99887082
1469735551,11.99987793
1469735551,11.99987793
1469735551,11.99987793
1469735552,13.00088504
1469735552,13.00088504
1469735552,13.9988403
1469735552,13.9988403
1469735552,14.99984741
1469735552,14.99984741
1469735552,14.99984741
1469735552,16.00085452
1469735552,14.99984741
1469735552,16.00085452
1469735552,16.00085452
1469735552,16.99880978
1469735552,16.99880978
1469735552,16.99880978
1469735552,17.99981689
1469735552,17.99981689
1469735552,17.99981689
1469735552,17.99981689
1469735552,17.99981689
1469735552,19.000824
1469735553,19.000824
1469735553,19.000824
1469735553,19.000824
1469735553,19.99877926
1469735553,19.99877926
1469735553,19.99877926
1469735553,19.99877926
1469735553,19.99877926
1469735553,20.99978637
1469735553,20.99978637
1469735553,19.99877926
1469735553,20.99978637
1469735553,20.99978637
1469735553,20.99978637
1469735553,20.99978637
1469735553,22.00079348
1469735553,20.99978637
1469735553,22.00079348
1469735553,22.00079348
1469735553,22.00079348
1469735554,22.00079348
1469735554,22.00079348
1469735554,22.00079348
1469735554,22.00079348
1469735554,22.00079348
1469735554,22.00079348
1469735554,22.99874874
1469735554,22.99874874
1469735554,22.00079348
1469735554,22.99874874
1469735554,22.99874874
1469735554,22.99874874
1469735554,22.99874874
1469735554,22.99874874
1469735554,22.00079348
1469735554,22.99874874
1469735554,22.99874874
1469735554,22.99874874
1469735554,22.99874874
1469735554,22.00079348
1469735555,22.00079348
1469735555,22.99874874
1469735555,22.00079348
1469735555,22.00079348
1469735555,22.00079348
1469735555,22.00079348
1469735555,22.00079348
1469735555,22.00079348
1469735555,22.00079348
1469735555,22.00079348
1469735555,22.00079348
1469735555,22.00079348
1469735555,20.99978637
1469735555,22.00079348
1469735555,20.99978637
1469735555,20.99978637
1469735555,20.99978637
1469735555,20.99978637
1469735555,20.99978637
1469735555,20.99978637
1469735556,20.99978637
1469735556,20.99978637
1469735556,20.99978637
1469735556,19.99877926
1469735556,19.99877926
1469735556,19.99877926
1469735556,19.99877926
1469735556,19.99877926
1469735556,19.99877926
1469735556,19.000824
1469735556,19.000824
1469735556,19.000824
1469735556,10.99887082
1469735556,19.000824
1469735556,10.00091556
1469735556,8.999908444
1469735556,17.99981689
1469735556,8.999908444
1469735556,7.998901334
1469735556,7.998901334
1469735557,16.00085452
1469735557,7.000946074
1469735557,5.999938963
1469735557,14.99984741
1469735557,5.999938963
1469735557,4.998931852
1469735557,13.9988403
1469735557,13.9988403
1469735557,13.9988403
1469735557,13.9988403
1469735557,13.9988403
1469735557,4.000976592
1469735557,1.998962371
1469735557,1.001007111
1469735557,0
1469735557,11.99987793
1469735557,11.99987793
1469735557,10.99887082
1469735557,1.998962371
1469735557,10.99887082
1469735558,11.99987793
1469735558,10.99887082
1469735558,10.99887082
1469735558,10.00091556
1469735558,10.00091556
1469735558,10.00091556
1469735558,10.99887082
1469735558,10.00091556
1469735558,1.001007111
1469735558,10.00091556
1469735558,10.00091556
1469735558,10.00091556
1469735558,8.999908444
1469735558,10.00091556
1469735558,10.00091556
1469735558,10.00091556
1469735558,10.00091556
1469735558,10.00091556
1469735558,10.00091556
1469735558,10.00091556
1469735559,10.00091556
1469735559,10.00091556
1469735559,10.00091556
1469735559,1.001007111
1469735559,7.998901334
1469735559,8.999908444
1469735559,8.999908444
1469735559,8.999908444
1469735559,8.999908444
1469735559,10.00091556
1469735559,8.999908444
1469735559,8.999908444
1469735559,8.999908444
1469735559,8.999908444
1469735559,8.999908444
1469735559,8.999908444
1469735559,8.999908444
1469735559,8.999908444
1469735559,8.999908444
1469735559,8.999908444
1469735560,8.999908444
1469735560,8.999908444
1469735560,8.999908444
1469735560,8.999908444
1469735560,8.999908444
1469735560,8.999908444
1469735560,8.999908444
1469735560,8.999908444
1469735560,8.999908444
1469735560,8.999908444
1469735560,8.999908444
1469735560,8.999908444
1469735560,8.999908444
1469735560,8.999908444
1469735560,8.999908444
1469735560,8.999908444
1469735560,8.999908444
1469735560,8.999908444
1469735560,8.999908444
1469735560,8.999908444
1469735561,8.999908444
1469735561,8.999908444
1469735561,8.999908444
1469735561,10.00091556
1469735561,10.00091556
1469735561,10.00091556
1469735561,10.00091556
1469735561,10.00091556
1469735561,10.00091556
1469735561,10.00091556
1469735561,10.00091556
1469735561,10.00091556
1469735561,10.00091556
1469735561,10.00091556
1469735561,10.00091556
1469735561,10.00091556
1469735561,10.00091556
1469735561,10.00091556
1469735561,10.00091556
1469735561,10.00091556
1469735562,10.00091556
1469735562,10.00091556
1469735562,10.00091556
1469735562,10.00091556
1469735562,10.99887082
1469735562,10.99887082
1469735562,10.99887082
1469735562,10.99887082
1469735562,10.99887082
1469735562,10.99887082
1469735562,10.99887082
1469735562,10.99887082
1469735562,10.99887082
1469735562,10.99887082
1469735562,10.99887082
1469735562,10.99887082
1469735562,10.99887082
1469735562,10.99887082
1469735562,11.99987793
1469735562,11.99987793
1469735563,11.99987793
1469735563,11.99987793
1469735563,11.99987793
1469735563,11.99987793
1469735563,11.99987793
1469735563,11.99987793
1469735563,11.99987793
1469735563,11.99987793
1469735563,11.99987793
1469735563,11.99987793
1469735563,11.99987793
1469735563,13.00088504
1469735563,11.99987793
1469735563,13.00088504
1469735563,13.00088504
1469735563,13.00088504
1469735563,13.00088504
1469735563,13.00088504
1469735563,13.00088504
1469735563,13.00088504
1469735564,13.00088504
1469735564,13.9988403
1469735564,13.00088504
1469735564,13.00088504
1469735564,13.9988403
1469735564,13.00088504
1469735564,13.00088504
1469735564,13.9988403
1469735564,13.9988403
1469735564,13.9988403
1469735564,13.9988403
1469735564,13.9988403
1469735564,13.9988403
1469735564,13.9988403
1469735564,13.9988403
1469735564,13.9988403
1469735564,13.9988403
1469735564,13.9988403
1469735564,13.9988403
1469735564,13.9988403
1469735565,13.9988403
1469735565,13.9988403
1469735565,13.9988403
1469735565,13.9988403
1469735565,13.9988403
1469735565,13.9988403
1469735565,13.9988403
1469735565,13.9988403
1469735565,13.9988403
1469735565,13.9988403
1469735565,14.99984741
1469735565,14.99984741
1469735565,13.9988403
1469735565,14.99984741
1469735565,14.99984741
1469735565,14.99984741
1469735565,14.99984741
1469735565,14.99984741
1469735565,14.99984741
1469735565,14.99984741
1469735566,14.99984741
1469735566,14.99984741
1469735566,14.99984741
1469735566,14.99984741
1469735566,14.99984741
1469735566,14.99984741
1469735566,14.99984741
1469735566,16.00085452
1469735566,16.00085452
1469735566,14.99984741
1469735566,14.99984741
1469735566,16.00085452
1469735566,16.00085452
1469735566,16.00085452
1469735566,16.00085452
1469735566,16.00085452
1469735566,14.99984741
1469735566,14.99984741
1469735566,16.00085452
1469735566,16.00085452
1469735567,14.99984741
1469735567,16.00085452
1469735567,16.00085452
1469735567,14.99984741
1469735567,16.00085452
1469735567,16.00085452
1469735567,16.00085452
1469735567,14.99984741
1469735567,14.99984741
1469735567,14.99984741
1469735567,14.99984741
1469735567,14.99984741
1469735567,14.99984741
1469735567,14.99984741
1469735567,14.99984741
1469735567,16.00085452
1469735567,14.99984741
1469735567,14.99984741
1469735567,14.99984741
1469735567,14.99984741
1469735568,14.99984741
1469735568,14.99984741
1469735568,14.99984741
1469735568,14.99984741
1469735568,14.99984741
1469735568,14.99984741
1469735568,14.99984741
1469735568,14.99984741
1469735568,14.99984741
1469735568,13.9988403
1469735568,13.9988403
1469735568,14.99984741
1469735568,14.99984741
1469735568,13.9988403
1469735568,13.9988403
1469735568,13.9988403
1469735568,13.9988403
1469735568,13.9988403
1469735568,13.9988403
1469735568,13.9988403
1469735569,13.9988403
1469735569,13.9988403
1469735569,13.9988403
1469735569,13.9988403
1469735569,13.9988403
1469735569,13.9988403
1469735569,13.9988403
1469735569,13.00088504
1469735569,13.00088504
1469735569,13.00088504
1469735569,13.00088504
1469735569,13.00088504
1469735569,13.00088504
1469735569,13.00088504
1469735569,13.00088504
1469735569,13.00088504
1469735569,13.00088504
1469735569,13.00088504
1469735569,13.00088504
1469735569,11.99987793
1469735570,13.00088504
1469735570,13.00088504
1469735570,13.00088504
1469735570,11.99987793
1469735570,11.99987793
1469735570,11.99987793
1469735570,11.99987793
1469735570,11.99987793
1469735570,11.99987793
1469735570,11.99987793
1469735570,11.99987793
1469735570,11.99987793
1469735570,11.99987793
1469735570,11.99987793
1469735570,11.99987793
1469735570,11.99987793
1469735570,11.99987793
1469735570,10.99887082
1469735570,10.99887082
1469735570,10.99887082
1469735571,10.99887082
1469735571,10.99887082
1469735571,10.99887082
1469735571,10.99887082
1469735571,10.99887082
1469735571,10.99887082
1469735571,10.99887082
1469735571,10.99887082
1469735571,11.99987793
1469735571,10.99887082
1469735571,10.99887082
1469735571,10.99887082
1469735571,10.99887082
1469735571,10.99887082
1469735571,10.99887082
1469735571,10.99887082
1469735571,10.99887082
1469735571,10.99887082
1469735571,10.99887082
1469735571,10.99887082
1469735572,10.99887082
1469735572,10.99887082
1469735572,10.99887082
1469735572,10.99887082
1469735572,10.99887082
1469735572,10.99887082
1469735572,10.99887082
1469735572,10.99887082
1469735572,10.99887082
1469735572,10.99887082
1469735572,10.99887082
1469735572,10.99887082
1469735572,10.99887082
1469735572,10.00091556
1469735572,10.00091556
1469735572,10.00091556
1469735572,10.00091556
1469735572,10.00091556
1469735572,10.00091556
1469735572,10.00091556
1469735573,10.00091556
1469735573,10.00091556
1469735573,10.00091556
1469735573,10.00091556
1469735573,10.00091556
1469735573,10.00091556
1469735573,10.00091556
1469735573,10.99887082
1469735573,10.00091556
1469735573,10.00091556
1469735573,10.00091556
1469735573,10.00091556
1469735573,10.00091556
1469735573,10.00091556
1469735573,10.00091556
1469735573,10.00091556
1469735573,10.00091556
1469735573,10.00091556
1469735573,10.00091556
1469735573,10.00091556
1469735574,10.00091556
1469735574,10.00091556
1469735574,10.00091556
1469735574,10.00091556
1469735574,10.00091556
1469735574,10.00091556
1469735574,10.00091556
1469735574,10.00091556
1469735574,10.99887082
1469735574,10.00091556
1469735574,10.00091556
1469735574,10.00091556
1469735574,10.00091556
1469735574,10.00091556
1469735574,10.00091556
1469735574,10.00091556
1469735574,10.00091556
1469735574,10.00091556
1469735574,10.99887082
1469735574,10.00091556
1469735575,10.00091556
1469735575,10.00091556
1469735575,10.99887082
1469735575,10.00091556
1469735575,10.00091556
1469735575,10.00091556
1469735575,10.00091556
1469735575,10.00091556
1469735575,10.99887082
1469735575,10.99887082
1469735575,10.00091556
1469735575,10.99887082
1469735575,10.99887082
1469735575,10.99887082
1469735575,10.99887082
1469735575,10.99887082
1469735575,10.99887082
1469735575,10.99887082
1469735575,10.99887082
1469735575,10.00091556
1469735576,10.00091556
1469735576,10.99887082
1469735576,10.99887082
1469735576,10.99887082
1469735576,10.99887082
1469735576,10.99887082
1469735576,10.99887082
1469735576,10.99887082
1469735576,10.99887082
1469735576,10.99887082
1469735576,10.00091556
1469735576,10.99887082
1469735576,10.99887082
1469735576,10.99887082
1469735576,10.00091556
1469735576,10.00091556
1469735576,10.99887082
1469735576,10.99887082
1469735576,10.99887082
1469735576,10.00091556
1469735577,10.00091556
1469735577,10.99887082
1469735577,10.99887082
1469735577,10.00091556
1469735577,10.00091556
1469735577,10.00091556
1469735577,10.00091556
1469735577,10.00091556
1469735577,10.00091556
1469735577,10.00091556
1469735577,10.00091556
1469735577,10.00091556
1469735577,10.00091556
1469735577,10.00091556
1469735577,10.00091556
1469735577,10.00091556
1469735577,10.00091556
1469735577,10.00091556
1469735577,10.00091556
1469735577,10.00091556
1469735578,10.00091556
1469735578,10.00091556
1469735578,10.00091556
1469735578,10.00091556
1469735578,10.00091556
1469735578,10.00091556
1469735578,10.00091556
1469735578,10.00091556
1469735578,10.00091556
1469735578,10.00091556
1469735578,10.00091556
1469735578,10.00091556
1469735578,10.00091556
1469735578,10.00091556
1469735578,10.00091556
1469735578,10.00091556
1469735578,8.999908444
1469735578,10.00091556
1469735578,10.00091556
1469735578,10.00091556
1469735579,10.00091556
1469735579,10.00091556
1469735579,10.00091556
1469735579,10.00091556
1469735579,10.00091556
1469735579,10.00091556
1469735579,10.00091556
1469735579,10.00091556
1469735579,10.00091556
1469735579,10.00091556
1469735579,8.999908444
1469735579,8.999908444
1469735579,10.00091556
1469735579,8.999908444
1469735579,8.999908444
1469735579,8.999908444
1469735579,8.999908444
1469735579,8.999908444
1469735579,10.00091556
1469735579,10.00091556
1469735580,8.999908444
1469735580,10.00091556
1469735580,10.00091556
1469735580,8.999908444
1469735580,8.999908444
1469735580,8.999908444
1469735580,8.999908444
1469735580,8.999908444
1469735580,8.999908444
1469735580,8.999908444
1469735580,8.999908444
1469735580,8.999908444
1469735580,8.999908444
1469735580,8.999908444
1469735580,8.999908444
1469735580,8.999908444
1469735580,8.999908444
1469735580,8.999908444
1469735580,8.999908444
1469735580,8.999908444
1469735581,8.999908444
1469735581,8.999908444
1469735581,8.999908444
1469735581,8.999908444
1469735581,8.999908444
1469735581,8.999908444
1469735581,8.999908444
1469735581,8.999908444
1469735581,8.999908444
1469735581,8.999908444
1469735581,8.999908444
1469735581,10.00091556
1469735581,8.999908444
1469735581,8.999908444
1469735581,10.00091556
1469735581,10.00091556
1469735581,8.999908444
1469735581,10.00091556
1469735581,10.00091556
1469735581,8.999908444
1469735582,8.999908444
1469735582,10.00091556
1469735582,8.999908444
1469735582,8.999908444
1469735582,10.00091556
1469735582,10.00091556
1469735582,10.00091556
1469735582,10.00091556
1469735582,10.00091556
1469735582,10.00091556
1469735582,10.00091556
1469735582,10.00091556
1469735582,10.00091556
1469735582,10.00091556
1469735582,10.00091556
1469735582,10.00091556
1469735582,10.00091556
1469735582,10.00091556
1469735582,10.00091556
1469735582,10.00091556
1469735583,10.00091556
1469735583,10.00091556
1469735583,10.00091556
1469735583,10.00091556
1469735583,10.00091556
1469735583,10.00091556
1469735583,10.00091556
1469735583,10.00091556
1469735583,10.00091556
1469735583,10.00091556
1469735583,10.00091556
1469735583,10.00091556
1469735583,10.00091556
1469735583,10.00091556
1469735583,10.00091556
1469735583,10.00091556
1469735583,10.00091556
1469735583,10.00091556
1469735583,10.00091556
1469735583,10.00091556
1469735584,10.00091556
1469735584,10.00091556
1469735584,10.00091556
1469735584,10.00091556
1469735584,10.00091556
1469735584,10.00091556
1469735584,10.00091556
1469735584,10.00091556
1469735584,10.99887082
1469735584,10.99887082
1469735584,10.00091556
1469735584,10.99887082
1469735584,10.00091556
1469735584,10.00091556
1469735584,10.00091556
1469735584,10.00091556
1469735584,10.00091556
1469735584,10.00091556
1469735584,10.00091556
1469735584,10.00091556
1469735585,10.00091556
1469735585,10.00091556
1469735585,10.00091556
1469735585,10.00091556
1469735585,10.00091556
1469735585,10.00091556
1469735585,10.00091556
1469735585,10.00091556
1469735585,10.00091556
1469735585,10.00091556
1469735585,10.00091556
1469735585,10.00091556
1469735585,10.00091556
1469735585,10.00091556
1469735585,10.00091556
1469735585,10.00091556
1469735585,10.00091556
1469735585,10.00091556
1469735585,10.00091556
1469735585,10.00091556
1469735586,10.00091556
1469735586,10.00091556
1469735586,8.999908444
1469735586,8.999908444
1469735586,8.999908444
1469735586,8.999908444
1469735586,8.999908444
1469735586,8.999908444
1469735586,8.999908444
1469735586,8.999908444
1469735586,8.999908444
1469735586,8.999908444
1469735586,8.999908444
1469735586,8.999908444
1469735586,8.999908444
1469735586,8.999908444
1469735586,8.999908444
1469735586,8.999908444
1469735586,8.999908444
1469735586,8.999908444
1469735587,8.999908444
1469735587,8.999908444
1469735587,8.999908444
1469735587,8.999908444
1469735587,8.999908444
1469735587,8.999908444
1469735587,8.999908444
1469735587,8.999908444
1469735587,8.999908444
1469735587,8.999908444
1469735587,8.999908444
1469735587,8.999908444
1469735587,7.998901334
1469735587,8.999908444
1469735587,7.998901334
1469735587,7.998901334
1469735587,7.998901334
1469735587,8.999908444
1469735587,8.999908444
1469735587,8.999908444
1469735588,8.999908444
1469735588,7.998901334
1469735588,7.998901334
1469735588,8.999908444
1469735588,7.998901334
1469735588,7.998901334
1469735588,7.998901334
1469735588,7.998901334
1469735588,7.998901334
1469735588,7.998901334
1469735588,8.999908444
1469735588,7.998901334
1469735588,8.999908444
1469735588,8.999908444
1469735588,8.999908444
1469735588,8.999908444
1469735588,7.998901334
1469735588,7.998901334
1469735588,7.998901334
1469735588,7.998901334
1469735589,8.999908444
1469735589,7.998901334
1469735589,7.998901334
1469735589,7.998901334
1469735589,8.999908444
1469735589,7.998901334
1469735589,7.998901334
1469735589,7.998901334
1469735589,7.998901334
1469735589,7.998901334
1469735589,8.999908444
1469735589,7.998901334
1469735589,7.998901334
1469735589,7.998901334
1469735589,7.998901334
1469735589,7.998901334
1469735589,8.999908444
1469735589,7.998901334
1469735589,7.998901334
1469735589,7.998901334
1469735590,7.998901334
1469735590,7.998901334
1469735590,8.999908444
1469735590,7.998901334
1469735590,7.998901334
1469735590,7.998901334
1469735590,7.998901334
1469735590,7.998901334
1469735590,7.998901334
1469735590,7.998901334
1469735590,7.998901334
1469735590,7.998901334
1469735590,8.999908444
1469735590,7.998901334
1469735590,8.999908444
1469735590,7.998901334
1469735590,7.998901334
1469735590,7.998901334
1469735590,7.998901334
1469735590,7.998901334
1469735591,7.998901334
1469735591,7.998901334
1469735591,7.998901334
1469735591,8.999908444
1469735591,7.998901334
1469735591,7.998901334
1469735591,7.998901334
1469735591,7.998901334
1469735591,7.998901334
1469735591,7.998901334
1469735591,7.998901334
1469735591,7.998901334
1469735591,7.998901334
1469735591,7.998901334
1469735591,8.999908444
1469735591,8.999908444
1469735591,8.999908444
1469735591,8.999908444
1469735591,8.999908444
1469735591,7.998901334
1469735592,7.998901334
1469735592,7.998901334
1469735592,7.998901334
1469735592,7.998901334
1469735592,8.999908444
1469735592,7.998901334
1469735592,7.998901334
1469735592,7.998901334
1469735592,8.999908444
1469735592,8.999908444
1469735592,8.999908444
1469735592,7.998901334
1469735592,8.999908444
1469735592,8.999908444
1469735592,8.999908444
1469735592,8.999908444
1469735592,7.998901334
1469735592,7.998901334
1469735592,7.998901334
1469735592,8.999908444
1469735593,8.999908444
1469735593,8.999908444
1469735593,8.999908444
1469735593,8.999908444
1469735593,8.999908444
1469735593,8.999908444
1469735593,8.999908444
1469735593,8.999908444
1469735593,8.999908444
1469735593,8.999908444
1469735593,8.999908444
1469735593,8.999908444
1469735593,8.999908444
1469735593,8.999908444
1469735593,8.999908444
1469735593,8.999908444
1469735593,8.999908444
1469735593,8.999908444
1469735593,8.999908444
1469735593,8.999908444
1469735594,8.999908444
1469735594,8.999908444
1469735594,8.999908444
1469735594,8.999908444
1469735594,8.999908444
1469735594,8.999908444
1469735594,8.999908444
1469735594,8.999908444
1469735594,8.999908444
1469735594,8.999908444
1469735594,8.999908444
1469735594,8.999908444
1469735594,8.999908444
1469735594,8.999908444
1469735594,10.00091556
1469735594,8.999908444
1469735594,8.999908444
1469735594,8.999908444
1469735594,10.00091556
1469735594,10.00091556
1469735595,10.00091556
1469735595,10.00091556
1469735595,10.00091556
1469735595,8.999908444
1469735595,10.00091556
1469735595,10.00091556
1469735595,10.00091556
1469735595,10.00091556
1469735595,10.00091556
1469735595,10.00091556
1469735595,10.00091556
1469735595,10.00091556
1469735595,10.00091556
1469735595,10.00091556
1469735595,10.00091556
1469735595,10.00091556
1469735595,10.00091556
1469735595,10.00091556
1469735595,10.00091556
1469735595,10.00091556
1469735596,10.99887082
1469735596,10.99887082
1469735596,10.99887082
1469735596,10.99887082
1469735596,10.99887082
1469735596,10.99887082
1469735596,10.99887082
1469735596,10.99887082
1469735596,10.99887082
1469735596,10.99887082
1469735596,10.99887082
1469735596,10.00091556
1469735596,10.99887082
1469735596,10.99887082
1469735596,10.99887082
1469735596,10.99887082
1469735596,10.99887082
1469735596,10.99887082
1469735596,10.99887082
1469735596,10.00091556
1469735597,10.99887082
1469735597,10.99887082
1469735597,10.99887082
1469735597,10.99887082
1469735597,10.99887082
1469735597,10.99887082
1469735597,10.99887082
1469735597,10.99887082
1469735597,10.99887082
1469735597,10.99887082
1469735597,10.99887082
1469735597,10.99887082
1469735597,10.99887082
1469735597,10.99887082
1469735597,11.99987793
1469735597,11.99987793
1469735597,11.99987793
1469735597,11.99987793
1469735597,11.99987793
1469735597,11.99987793
1469735598,11.99987793
1469735598,11.99987793
1469735598,11.99987793
1469735598,11.99987793
1469735598,11.99987793
1469735598,11.99987793
1469735598,11.99987793
1469735598,11.99987793
1469735598,11.99987793
1469735598,11.99987793
1469735598,11.99987793
1469735598,13.00088504
1469735598,13.00088504
1469735598,13.00088504
1469735598,13.00088504
1469735598,13.00088504
1469735598,13.9988403
1469735598,13.00088504
1469735598,13.00088504
1469735598,13.9988403
1469735599,13.9988403
1469735599,13.9988403
1469735599,13.9988403
1469735599,13.00088504
1469735599,13.9988403
1469735599,13.9988403
1469735599,13.9988403
1469735599,13.00088504
1469735599,14.99984741
1469735599,14.99984741
1469735599,14.99984741
1469735599,14.99984741
1469735599,14.99984741
1469735599,16.00085452
1469735599,14.99984741
1469735599,14.99984741
1469735599,16.00085452
1469735599,16.00085452
1469735599,16.00085452
1469735599,16.00085452
1469735600,16.99880978
1469735600,16.99880978
1469735600,16.99880978
1469735600,16.99880978
1469735600,16.99880978
1469735600,16.99880978
1469735600,16.99880978
1469735600,17.99981689
1469735600,17.99981689
1469735600,17.99981689
1469735600,17.99981689
1469735600,17.99981689
1469735600,17.99981689
1469735600,17.99981689
1469735600,19.000824
1469735600,19.000824
1469735600,19.000824
1469735600,19.000824
1469735600,19.99877926
1469735600,19.99877926
1469735601,19.99877926
1469735601,19.99877926
1469735601,19.99877926
1469735601,19.99877926
1469735601,20.99978637
1469735601,19.99877926
1469735601,20.99978637
1469735601,20.99978637
1469735601,22.00079348
1469735601,20.99978637
1469735601,22.00079348
1469735601,22.00079348
1469735601,22.00079348
1469735601,22.00079348
1469735601,22.00079348
1469735601,22.99874874
1469735601,22.99874874
1469735601,22.99874874
1469735601,22.99874874
1469735601,22.99874874
1469735602,22.99874874
1469735602,22.99874874
1469735602,23.99975585
1469735602,23.99975585
1469735602,23.99975585
1469735602,23.99975585
1469735602,23.99975585
1469735602,23.99975585
1469735602,25.00076296
1469735602,25.00076296
1469735602,25.00076296
1469735602,25.00076296
1469735602,25.00076296
1469735602,25.00076296
1469735602,25.00076296
1469735602,25.99871822
1469735602,25.99871822
1469735602,25.99871822
1469735602,25.99871822
1469735602,25.99871822
1469735603,25.99871822
1469735603,25.99871822
1469735603,26.99972533
1469735603,26.99972533
1469735603,26.99972533
1469735603,26.99972533
1469735603,26.99972533
1469735603,26.99972533
1469735603,28.00073244
1469735603,26.99972533
1469735603,26.99972533
1469735603,28.00073244
1469735603,28.00073244
1469735603,28.00073244
1469735603,28.00073244
1469735603,28.00073244
1469735603,28.00073244
1469735603,28.00073244
1469735603,28.00073244
1469735603,28.00073244
1469735604,28.00073244
1469735604,28.9986877
1469735604,28.9986877
1469735604,28.9986877
1469735604,28.9986877
1469735604,28.9986877
1469735604,28.9986877
1469735604,28.9986877